Workbook

Sheet Sheet1
A1: 30_yr_market_data
A2: Date | B2: Nasdaq | C2: NYSE Composite | D2: S&P500 | E2: CBOE Volitility | F2: Amazon | G2: Apple | H2: Exxon | I2: Google | J2: Tesla | K2: Crude Oil-WTI | L2: Gold | M2: nasdaq_return | N2: nyse_return | O2: sp500_return | P2: amazon_return | Q2: apple_return | R2: exxon_return | S2: google_return | T2: tesla_return | U2: oil_return | V2: gold_return | W2: sp500_volatility_5d | X2: risk
A3: 34701 | M3: =IF(OR(B3="",B2=""),"",B3/B2-1) | N3: =IF(OR(C3="",C2=""),"",C3/C2-1) | O3: =IF(OR(D3="",D2=""),"",D3/D2-1) | P3: =IF(OR(F3="",F2=""),"",F3/F2-1) | Q3: =IF(OR(G3="",G2=""),"",G3/G2-1) | R3: =IF(OR(H3="",H2=""),"",H3/H2-1) | S3: =IF(OR(I3="",I2=""),"",I3/I2-1) | T3: =IF(OR(J3="",J2=""),"",J3/J2-1) | U3: =IF(OR(K3="",K2=""),"",K3/K2-1) | V3: =IF(OR(L3="",L2=""),"",L3/L2-1)
A4: 34702 | B4: 743.58 | C4: 2651.15 | D4: 459.11 | E4: 14.25 | G4: 0.28 | H4: 5.72 | M4: =IF(OR(B4="",B3=""),"",B4/B3-1) | N4: =IF(OR(C4="",C3=""),"",C4/C3-1) | O4: =IF(OR(D4="",D3=""),"",D4/D3-1) | P4: =IF(OR(F4="",F3=""),"",F4/F3-1) | Q4: =IF(OR(G4="",G3=""),"",G4/G3-1) | R4: =IF(OR(H4="",H3=""),"",H4/H3-1) | S4: =IF(OR(I4="",I3=""),"",I4/I3-1) | T4: =IF(OR(J4="",J3=""),"",J4/J3-1) | U4: =IF(OR(K4="",K3=""),"",K4/K3-1) | V4: =IF(OR(L4="",L3=""),"",L4/L3-1)
A5: 34703 | B5: 745.84 | C5: 2658.87 | D5: 460.71 | E5: 13.53 | G5: 0.29 | H5: 5.75 | M5: =IF(OR(B5="",B4=""),"",B5/B4-1) -> 0.0030393502 | N5: =IF(OR(C5="",C4=""),"",C5/C4-1) -> 0.0029119439 | O5: =IF(OR(D5="",D4=""),"",D5/D4-1) -> 0.0034850036 | P5: =IF(OR(F5="",F4=""),"",F5/F4-1) | Q5: =IF(OR(G5="",G4=""),"",G5/G4-1) -> 0.035714286 | R5: =IF(OR(H5="",H4=""),"",H5/H4-1) -> 0.0052447552 | S5: =IF(OR(I5="",I4=""),"",I5/I4-1) | T5: =IF(OR(J5="",J4=""),"",J5/J4-1) | U5: =IF(OR(K5="",K4=""),"",K5/K4-1) | V5: =IF(OR(L5="",L4=""),"",L5/L4-1)
A6: 34704 | B6: 745.66 | C6: 2658.13 | D6: 460.34 | E6: 13.5 | G6: 0.29 | H6: 5.76 | M6: =IF(OR(B6="",B5=""),"",B6/B5-1) -> -0.00024133862 | N6: =IF(OR(C6="",C5=""),"",C6/C5-1) -> -0.00027831372 | O6: =IF(OR(D6="",D5=""),"",D6/D5-1) -> -0.00080310825 | P6: =IF(OR(F6="",F5=""),"",F6/F5-1) | Q6: =IF(OR(G6="",G5=""),"",G6/G5-1) -> 0 | R6: =IF(OR(H6="",H5=""),"",H6/H5-1) -> 0.0017391304 | S6: =IF(OR(I6="",I5=""),"",I6/I5-1) | T6: =IF(OR(J6="",J5=""),"",J6/J5-1) | U6: =IF(OR(K6="",K5=""),"",K6/K5-1) | V6: =IF(OR(L6="",L5=""),"",L6/L5-1)
A7: 34705 | B7: 749.69 | C7: 2660.24 | D7: 460.68 | E7: 13.13 | G7: 0.31 | H7: 5.76 | M7: =IF(OR(B7="",B6=""),"",B7/B6-1) -> 0.005404608 | N7: =IF(OR(C7="",C6=""),"",C7/C6-1) -> 0.00079379112 | O7: =IF(OR(D7="",D6=""),"",D7/D6-1) -> 0.00073858452 | P7: =IF(OR(F7="",F6=""),"",F7/F6-1) | Q7: =IF(OR(G7="",G6=""),"",G7/G6-1) -> 0.068965517 | R7: =IF(OR(H7="",H6=""),"",H7/H6-1) -> 0 | S7: =IF(OR(I7="",I6=""),"",I7/I6-1) | T7: =IF(OR(J7="",J6=""),"",J7/J6-1) | U7: =IF(OR(K7="",K6=""),"",K7/K6-1) | V7: =IF(OR(L7="",L6=""),"",L7/L6-1)
A8: 34708 | B8: 752.09 | C8: 2660.14 | D8: 460.83 | E8: 13.33 | G8: 0.31 | H8: 5.71 | M8: =IF(OR(B8="",B7=""),"",B8/B7-1) -> 0.0032013232 | N8: =IF(OR(C8="",C7=""),"",C8/C7-1) -> -3.7590593e-05 | O8: =IF(OR(D8="",D7=""),"",D8/D7-1) -> 0.00032560563 | P8: =IF(OR(F8="",F7=""),"",F8/F7-1) | Q8: =IF(OR(G8="",G7=""),"",G8/G7-1) -> 0 | R8: =IF(OR(H8="",H7=""),"",H8/H7-1) -> -0.0086805556 | S8: =IF(OR(I8="",I7=""),"",I8/I7-1) | T8: =IF(OR(J8="",J7=""),"",J8/J7-1) | U8: =IF(OR(K8="",K7=""),"",K8/K7-1) | V8: =IF(OR(L8="",L7=""),"",L8/L7-1) | W8: =IF(COUNT(O4:O8)<5,"",STDEV(O4:O8)) | X8: =IF(W8="","",IF(W8>Controls!$B$2,1,0))
A9: 34709 | B9: 756.52 | C9: 2661.3 | D9: 461.68 | E9: 12.52 | G9: 0.32 | H9: 5.74 | M9: =IF(OR(B9="",B8=""),"",B9/B8-1) -> 0.0058902525 | N9: =IF(OR(C9="",C8=""),"",C9/C8-1) -> 0.00043606727 | O9: =IF(OR(D9="",D8=""),"",D9/D8-1) -> 0.001844498 | P9: =IF(OR(F9="",F8=""),"",F9/F8-1) | Q9: =IF(OR(G9="",G8=""),"",G9/G8-1) -> 0.032258065 | R9: =IF(OR(H9="",H8=""),"",H9/H8-1) -> 0.0052539405 | S9: =IF(OR(I9="",I8=""),"",I9/I8-1) | T9: =IF(OR(J9="",J8=""),"",J9/J8-1) | U9: =IF(OR(K9="",K8=""),"",K9/K8-1) | V9: =IF(OR(L9="",L8=""),"",L9/L8-1) | W9: =IF(COUNT(O5:O9)<5,"",STDEV(O5:O9)) -> 0.001627345 | X9: =IF(W9="","",IF(W9>Controls!$B$2,1,0)) -> 0
A10: 34710 | B10: 755.74 | C10: 2661.62 | D10: 461.66 | E10: 12.15 | G10: 0.35 | H10: 5.7 | M10: =IF(OR(B10="",B9=""),"",B10/B9-1) -> -0.0010310369 | N10: =IF(OR(C10="",C9=""),"",C10/C9-1) -> 0.00012024199 | O10: =IF(OR(D10="",D9=""),"",D10/D9-1) -> -4.3320049e-05 | P10: =IF(OR(F10="",F9=""),"",F10/F9-1) | Q10: =IF(OR(G10="",G9=""),"",G10/G9-1) -> 0.09375 | R10: =IF(OR(H10="",H9=""),"",H10/H9-1) -> -0.0069686411 | S10: =IF(OR(I10="",I9=""),"",I10/I9-1) | T10: =IF(OR(J10="",J9=""),"",J10/J9-1) | U10: =IF(OR(K10="",K9=""),"",K10/K9-1) | V10: =IF(OR(L10="",L9=""),"",L10/L9-1) | W10: =IF(COUNT(O6:O10)<5,"",STDEV(O6:O10)) -> 0.00098106769 | X10: =IF(W10="","",IF(W10>Controls!$B$2,1,0)) -> 0
A11: 34711 | B11: 756.51 | C11: 2661.62 | D11: 461.64 | E11: 12.83 | G11: 0.34 | H11: 5.7 | M11: =IF(OR(B11="",B10=""),"",B11/B10-1) -> 0.0010188689 | N11: =IF(OR(C11="",C10=""),"",C11/C10-1) -> 0 | O11: =IF(OR(D11="",D10=""),"",D11/D10-1) -> -4.3321925e-05 | P11: =IF(OR(F11="",F10=""),"",F11/F10-1) | Q11: =IF(OR(G11="",G10=""),"",G11/G10-1) -> -0.028571429 | R11: =IF(OR(H11="",H10=""),"",H11/H10-1) -> 0 | S11: =IF(OR(I11="",I10=""),"",I11/I10-1) | T11: =IF(OR(J11="",J10=""),"",J11/J10-1) | U11: =IF(OR(K11="",K10=""),"",K11/K10-1) | V11: =IF(OR(L11="",L10=""),"",L11/L10-1) | W11: =IF(COUNT(O7:O11)<5,"",STDEV(O7:O11)) -> 0.00078496233 | X11: =IF(W11="","",IF(W11>Controls!$B$2,1,0)) -> 0
A12: 34712 | B12: 762.16 | C12: 2685.2 | D12: 465.97 | E12: 11.1 | G12: 0.33 | H12: 5.75 | M12: =IF(OR(B12="",B11=""),"",B12/B11-1) -> 0.0074685067 | N12: =IF(OR(C12="",C11=""),"",C12/C11-1) -> 0.0088592662 | O12: =IF(OR(D12="",D11=""),"",D12/D11-1) -> 0.0093796032 | P12: =IF(OR(F12="",F11=""),"",F12/F11-1) | Q12: =IF(OR(G12="",G11=""),"",G12/G11-1) -> -0.029411765 | R12: =IF(OR(H12="",H11=""),"",H12/H11-1) -> 0.0087719298 | S12: =IF(OR(I12="",I11=""),"",I12/I11-1) | T12: =IF(OR(J12="",J11=""),"",J12/J11-1) | U12: =IF(OR(K12="",K11=""),"",K12/K11-1) | V12: =IF(OR(L12="",L11=""),"",L12/L11-1) | W12: =IF(COUNT(O8:O12)<5,"",STDEV(O8:O12)) -> 0.0040375899 | X12: =IF(W12="","",IF(W12>Controls!$B$2,1,0)) -> 0
A13: 34715 | B13: 768.16 | C13: 2704.87 | D13: 469.38 | E13: 11.14 | G13: 0.33 | H13: 5.74 | M13: =IF(OR(B13="",B12=""),"",B13/B12-1) -> 0.0078723628 | N13: =IF(OR(C13="",C12=""),"",C13/C12-1) -> 0.0073253389 | O13: =IF(OR(D13="",D12=""),"",D13/D12-1) -> 0.0073180677 | P13: =IF(OR(F13="",F12=""),"",F13/F12-1) | Q13: =IF(OR(G13="",G12=""),"",G13/G12-1) -> 0 | R13: =IF(OR(H13="",H12=""),"",H13/H12-1) -> -0.0017391304 | S13: =IF(OR(I13="",I12=""),"",I13/I12-1) | T13: =IF(OR(J13="",J12=""),"",J13/J12-1) | U13: =IF(OR(K13="",K12=""),"",K13/K12-1) | V13: =IF(OR(L13="",L12=""),"",L13/L12-1) | W13: =IF(COUNT(O9:O13)<5,"",STDEV(O9:O13)) -> 0.0043822284 | X13: =IF(W13="","",IF(W13>Controls!$B$2,1,0)) -> 0
A14: 34716 | B14: 772.14 | C14: 2709.52 | D14: 470.05 | E14: 11.79 | G14: 0.33 | H14: 5.8 | M14: =IF(OR(B14="",B13=""),"",B14/B13-1) -> 0.0051812122 | N14: =IF(OR(C14="",C13=""),"",C14/C13-1) -> 0.0017191214 | O14: =IF(OR(D14="",D13=""),"",D14/D13-1) -> 0.0014274149 | P14: =IF(OR(F14="",F13=""),"",F14/F13-1) | Q14: =IF(OR(G14="",G13=""),"",G14/G13-1) -> 0 | R14: =IF(OR(H14="",H13=""),"",H14/H13-1) -> 0.010452962 | S14: =IF(OR(I14="",I13=""),"",I14/I13-1) | T14: =IF(OR(J14="",J13=""),"",J14/J13-1) | U14: =IF(OR(K14="",K13=""),"",K14/K13-1) | V14: =IF(OR(L14="",L13=""),"",L14/L13-1) | W14: =IF(COUNT(O10:O14)<5,"",STDEV(O10:O14)) -> 0.0044298771 | X14: =IF(W14="","",IF(W14>Controls!$B$2,1,0)) -> 0
A15: 34717 | B15: 772.38 | C15: 2706.56 | D15: 469.71 | E15: 11.57 | G15: 0.34 | H15: 5.87 | M15: =IF(OR(B15="",B14=""),"",B15/B14-1) -> 0.00031082446 | N15: =IF(OR(C15="",C14=""),"",C15/C14-1) -> -0.0010924444 | O15: =IF(OR(D15="",D14=""),"",D15/D14-1) -> -0.00072332731 | P15: =IF(OR(F15="",F14=""),"",F15/F14-1) | Q15: =IF(OR(G15="",G14=""),"",G15/G14-1) -> 0.03030303 | R15: =IF(OR(H15="",H14=""),"",H15/H14-1) -> 0.012068966 | S15: =IF(OR(I15="",I14=""),"",I15/I14-1) | T15: =IF(OR(J15="",J14=""),"",J15/J14-1) | U15: =IF(OR(K15="",K14=""),"",K15/K14-1) | V15: =IF(OR(L15="",L14=""),"",L15/L14-1) | W15: =IF(COUNT(O11:O15)<5,"",STDEV(O11:O15)) -> 0.0045779526 | X15: =IF(W15="","",IF(W15>Controls!$B$2,1,0)) -> 0
A16: 34718 | B16: 768.55 | C16: 2689.75 | D16: 466.95 | E16: 11.86 | G16: 0.34 | H16: 5.87 | M16: =IF(OR(B16="",B15=""),"",B16/B15-1) -> -0.0049586991 | N16: =IF(OR(C16="",C15=""),"",C16/C15-1) -> -0.0062108359 | O16: =IF(OR(D16="",D15=""),"",D16/D15-1) -> -0.005875966 | P16: =IF(OR(F16="",F15=""),"",F16/F15-1) | Q16: =IF(OR(G16="",G15=""),"",G16/G15-1) -> 0 | R16: =IF(OR(H16="",H15=""),"",H16/H15-1) -> 0 | S16: =IF(OR(I16="",I15=""),"",I16/I15-1) | T16: =IF(OR(J16="",J15=""),"",J16/J15-1) | U16: =IF(OR(K16="",K15=""),"",K16/K15-1) | V16: =IF(OR(L16="",L15=""),"",L16/L15-1) | W16: =IF(COUNT(O12:O16)<5,"",STDEV(O12:O16)) -> 0.0061654275 | X16: =IF(W16="","",IF(W16>Controls!$B$2,1,0)) -> 0
A17: 34719 | B17: 762.05 | C17: 2679.17 | D17: 464.78 | E17: 12.15 | G17: 0.32 | H17: 5.93 | M17: =IF(OR(B17="",B16=""),"",B17/B16-1) -> -0.0084574849 | N17: =IF(OR(C17="",C16=""),"",C17/C16-1) -> -0.0039334511 | O17: =IF(OR(D17="",D16=""),"",D17/D16-1) -> -0.0046471785 | P17: =IF(OR(F17="",F16=""),"",F17/F16-1) | Q17: =IF(OR(G17="",G16=""),"",G17/G16-1) -> -0.058823529 | R17: =IF(OR(H17="",H16=""),"",H17/H16-1) -> 0.010221465 | S17: =IF(OR(I17="",I16=""),"",I17/I16-1) | T17: =IF(OR(J17="",J16=""),"",J17/J16-1) | U17: =IF(OR(K17="",K16=""),"",K17/K16-1) | V17: =IF(OR(L17="",L16=""),"",L17/L16-1) | W17: =IF(COUNT(O13:O17)<5,"",STDEV(O13:O17)) -> 0.0052675204 | X17: =IF(W17="","",IF(W17>Controls!$B$2,1,0)) -> 0
A18: 34722 | B18: 759.51 | C18: 2680.12 | D18: 465.82 | E18: 12.79 | G18: 0.31 | H18: 6.02 | M18: =IF(OR(B18="",B17=""),"",B18/B17-1) -> -0.0033331146 | N18: =IF(OR(C18="",C17=""),"",C18/C17-1) -> 0.00035458743 | O18: =IF(OR(D18="",D17=""),"",D18/D17-1) -> 0.0022376178 | P18: =IF(OR(F18="",F17=""),"",F18/F17-1) | Q18: =IF(OR(G18="",G17=""),"",G18/G17-1) -> -0.03125 | R18: =IF(OR(H18="",H17=""),"",H18/H17-1) -> 0.015177066 | S18: =IF(OR(I18="",I17=""),"",I18/I17-1) | T18: =IF(OR(J18="",J17=""),"",J18/J17-1) | U18: =IF(OR(K18="",K17=""),"",K18/K17-1) | V18: =IF(OR(L18="",L17=""),"",L18/L17-1) | W18: =IF(COUNT(O14:O18)<5,"",STDEV(O14:O18)) -> 0.003612314 | X18: =IF(W18="","",IF(W18>Controls!$B$2,1,0)) -> 0
A19: 34723 | B19: 763.2 | C19: 2682.56 | D19: 465.86 | E19: 11.94 | G19: 0.31 | H19: 5.9 | M19: =IF(OR(B19="",B18=""),"",B19/B18-1) -> 0.0048583955 | N19: =IF(OR(C19="",C18=""),"",C19/C18-1) -> 0.000910407 | O19: =IF(OR(D19="",D18=""),"",D19/D18-1) -> 8.5870079e-05 | P19: =IF(OR(F19="",F18=""),"",F19/F18-1) | Q19: =IF(OR(G19="",G18=""),"",G19/G18-1) -> 0 | R19: =IF(OR(H19="",H18=""),"",H19/H18-1) -> -0.019933555 | S19: =IF(OR(I19="",I18=""),"",I19/I18-1) | T19: =IF(OR(J19="",J18=""),"",J19/J18-1) | U19: =IF(OR(K19="",K18=""),"",K19/K18-1) | V19: =IF(OR(L19="",L18=""),"",L19/L18-1) | W19: =IF(COUNT(O15:O19)<5,"",STDEV(O15:O19)) -> 0.0033814503 | X19: =IF(W19="","",IF(W19>Controls!$B$2,1,0)) -> 0
... A37: 34747 | B37: 786.97 | C37: 2768.52 | D37: 481.97 | E37: 11.71 | G37: 0.32 | H37: 6.06 | M37: =IF(OR(B37="",B36=""),"",B37/B36-1) -> -0.0079918317 | N37: =IF(OR(C37="",C36=""),"",C37/C36-1) -> -0.0054710373 | O37: =IF(OR(D37="",D36=""),"",D37/D36-1) -> -0.0066979927 | P37: =IF(OR(F37="",F36=""),"",F37/F36-1) | Q37: =IF(OR(G37="",G36=""),"",G37/G36-1) -> 0 | R37: =IF(OR(H37="",H36=""),"",H37/H36-1) -> -0.0098039216 | S37: =IF(OR(I37="",I36=""),"",I37/I36-1) | T37: =IF(OR(J37="",J36=""),"",J37/J36-1) | U37: =IF(OR(K37="",K36=""),"",K37/K36-1) | V37: =IF(OR(L37="",L36=""),"",L37/L36-1) | W37: =IF(COUNT(O33:O37)<5,"",STDEV(O33:O37)) -> 0.0041002427 | X37: =IF(W37="","",IF(W37>Controls!$B$2,1,0)) -> 0
A38: 34750 | M38: =IF(OR(B38="",B37=""),"",B38/B37-1) | N38: =IF(OR(C38="",C37=""),"",C38/C37-1) | O38: =IF(OR(D38="",D37=""),"",D38/D37-1) | P38: =IF(OR(F38="",F37=""),"",F38/F37-1) | Q38: =IF(OR(G38="",G37=""),"",G38/G37-1) | R38: =IF(OR(H38="",H37=""),"",H38/H37-1) | S38: =IF(OR(I38="",I37=""),"",I38/I37-1) | T38: =IF(OR(J38="",J37=""),"",J38/J37-1) | U38: =IF(OR(K38="",K37=""),"",K38/K37-1) | V38: =IF(OR(L38="",L37=""),"",L38/L37-1) | W38: =IF(COUNT(O34:O38)<5,"",STDEV(O34:O38)) | X38: =IF(W38="","",IF(W38>Controls!$B$2,1,0))
A39: 34751 | B39: 784.62 | C39: 2770.11 | D39: 482.72 | E39: 12.05 | G39: 0.3 | H39: 6.12 | M39: =IF(OR(B39="",B38=""),"",B39/B38-1) | N39: =IF(OR(C39="",C38=""),"",C39/C38-1) | O39: =IF(OR(D39="",D38=""),"",D39/D38-1) | P39: =IF(OR(F39="",F38=""),"",F39/F38-1) | Q39: =IF(OR(G39="",G38=""),"",G39/G38-1) | R39: =IF(OR(H39="",H38=""),"",H39/H38-1) | S39: =IF(OR(I39="",I38=""),"",I39/I38-1) | T39: =IF(OR(J39="",J38=""),"",J39/J38-1) | U39: =IF(OR(K39="",K38=""),"",K39/K38-1) | V39: =IF(OR(L39="",L38=""),"",L39/L38-1) | W39: =IF(COUNT(O35:O39)<5,"",STDEV(O35:O39)) | X39: =IF(W39="","",IF(W39>Controls!$B$2,1,0))
A40: 34752 | B40: 787.93 | C40: 2781.31 | D40: 485.07 | E40: 11.39 | G40: 0.3 | H40: 6.13 | M40: =IF(OR(B40="",B39=""),"",B40/B39-1) -> 0.0042186026 | N40: =IF(OR(C40="",C39=""),"",C40/C39-1) -> 0.0040431607 | O40: =IF(OR(D40="",D39=""),"",D40/D39-1) -> 0.0048682466 | P40: =IF(OR(F40="",F39=""),"",F40/F39-1) | Q40: =IF(OR(G40="",G39=""),"",G40/G39-1) -> 0 | R40: =IF(OR(H40="",H39=""),"",H40/H39-1) -> 0.0016339869 | S40: =IF(OR(I40="",I39=""),"",I40/I39-1) | T40: =IF(OR(J40="",J39=""),"",J40/J39-1) | U40: =IF(OR(K40="",K39=""),"",K40/K39-1) | V40: =IF(OR(L40="",L39=""),"",L40/L39-1) | W40: =IF(COUNT(O36:O40)<5,"",STDEV(O36:O40)) | X40: =IF(W40="","",IF(W40>Controls!$B$2,1,0))
A41: 34753 | B41: 791.35 | C41: 2794 | D41: 486.91 | E41: 11.15 | G41: 0.3 | H41: 6.09 | M41: =IF(OR(B41="",B40=""),"",B41/B40-1) -> 0.0043404871 | N41: =IF(OR(C41="",C40=""),"",C41/C40-1) -> 0.0045625982 | O41: =IF(OR(D41="",D40=""),"",D41/D40-1) -> 0.003793267 | P41: =IF(OR(F41="",F40=""),"",F41/F40-1) | Q41: =IF(OR(G41="",G40=""),"",G41/G40-1) -> 0 | R41: =IF(OR(H41="",H40=""),"",H41/H40-1) -> -0.0065252855 | S41: =IF(OR(I41="",I40=""),"",I41/I40-1) | T41: =IF(OR(J41="",J40=""),"",J41/J40-1) | U41: =IF(OR(K41="",K40=""),"",K41/K40-1) | V41: =IF(OR(L41="",L40=""),"",L41/L40-1) | W41: =IF(COUNT(O37:O41)<5,"",STDEV(O37:O41)) | X41: =IF(W41="","",IF(W41>Controls!$B$2,1,0))
A42: 34754 | B42: 791.08 | C42: 2800.56 | D42: 488.11 | E42: 10.84 | G42: 0.29 | H42: 6.06 | M42: =IF(OR(B42="",B41=""),"",B42/B41-1) -> -0.00034118911 | N42: =IF(OR(C42="",C41=""),"",C42/C41-1) -> 0.0023478883 | O42: =IF(OR(D42="",D41=""),"",D42/D41-1) -> 0.0024645212 | P42: =IF(OR(F42="",F41=""),"",F42/F41-1) | Q42: =IF(OR(G42="",G41=""),"",G42/G41-1) -> -0.033333333 | R42: =IF(OR(H42="",H41=""),"",H42/H41-1) -> -0.0049261084 | S42: =IF(OR(I42="",I41=""),"",I42/I41-1) | T42: =IF(OR(J42="",J41=""),"",J42/J41-1) | U42: =IF(OR(K42="",K41=""),"",K42/K41-1) | V42: =IF(OR(L42="",L41=""),"",L42/L41-1) | W42: =IF(COUNT(O38:O42)<5,"",STDEV(O38:O42)) | X42: =IF(W42="","",IF(W42>Controls!$B$2,1,0))
A43: 34757 | B43: 784.5 | C43: 2777.51 | D43: 483.81 | E43: 12.51 | G43: 0.28 | H43: 6.08 | M43: =IF(OR(B43="",B42=""),"",B43/B42-1) -> -0.0083177428 | N43: =IF(OR(C43="",C42=""),"",C43/C42-1) -> -0.0082304968 | O43: =IF(OR(D43="",D42=""),"",D43/D42-1) -> -0.0088094897 | P43: =IF(OR(F43="",F42=""),"",F43/F42-1) | Q43: =IF(OR(G43="",G42=""),"",G43/G42-1) -> -0.034482759 | R43: =IF(OR(H43="",H42=""),"",H43/H42-1) -> 0.00330033 | S43: =IF(OR(I43="",I42=""),"",I43/I42-1) | T43: =IF(OR(J43="",J42=""),"",J43/J42-1) | U43: =IF(OR(K43="",K42=""),"",K43/K42-1) | V43: =IF(OR(L43="",L42=""),"",L43/L42-1) | W43: =IF(COUNT(O39:O43)<5,"",STDEV(O39:O43)) | X43: =IF(W43="","",IF(W43>Controls!$B$2,1,0))
A44: 34758 | B44: 793.73 | C44: 2798.34 | D44: 487.39 | E44: 11.75 | G44: 0.29 | H44: 6.1 | M44: =IF(OR(B44="",B43=""),"",B44/B43-1) -> 0.011765456 | N44: =IF(OR(C44="",C43=""),"",C44/C43-1) -> 0.007499523 | O44: =IF(OR(D44="",D43=""),"",D44/D43-1) -> 0.007399599 | P44: =IF(OR(F44="",F43=""),"",F44/F43-1) | Q44: =IF(OR(G44="",G43=""),"",G44/G43-1) -> 0.035714286 | R44: =IF(OR(H44="",H43=""),"",H44/H43-1) -> 0.0032894737 | S44: =IF(OR(I44="",I43=""),"",I44/I43-1) | T44: =IF(OR(J44="",J43=""),"",J44/J43-1) | U44: =IF(OR(K44="",K43=""),"",K44/K43-1) | V44: =IF(OR(L44="",L43=""),"",L44/L43-1) | W44: =IF(COUNT(O40:O44)<5,"",STDEV(O40:O44)) -> 0.0062777991 | X44: =IF(W44="","",IF(W44>Controls!$B$2,1,0)) -> 0
A45: 34759 | B45: 791.87 | C45: 2788.93 | D45: 485.65 | E45: 11.65 | G45: 0.3 | H45: 6.07 | M45: =IF(OR(B45="",B44=""),"",B45/B44-1) -> -0.0023433661 | N45: =IF(OR(C45="",C44=""),"",C45/C44-1) -> -0.0033627079 | O45: =IF(OR(D45="",D44=""),"",D45/D44-1) -> -0.0035700363 | P45: =IF(OR(F45="",F44=""),"",F45/F44-1) | Q45: =IF(OR(G45="",G44=""),"",G45/G44-1) -> 0.034482759 | R45: =IF(OR(H45="",H44=""),"",H45/H44-1) -> -0.0049180328 | S45: =IF(OR(I45="",I44=""),"",I45/I44-1) | T45: =IF(OR(J45="",J44=""),"",J45/J44-1) | U45: =IF(OR(K45="",K44=""),"",K45/K44-1) | V45: =IF(OR(L45="",L44=""),"",L45/L44-1) | W45: =IF(COUNT(O41:O45)<5,"",STDEV(O41:O45)) -> 0.0064273339 | X45: =IF(W45="","",IF(W45>Controls!$B$2,1,0)) -> 0
A46: 34760 | B46: 793.68 | C46: 2784.7 | D46: 485.13 | E46: 12.02 | G46: 0.3 | H46: 6.06 | M46: =IF(OR(B46="",B45=""),"",B46/B45-1) -> 0.0022857287 | N46: =IF(OR(C46="",C45=""),"",C46/C45-1) -> -0.0015167107 | O46: =IF(OR(D46="",D45=""),"",D46/D45-1) -> -0.0010707299 | P46: =IF(OR(F46="",F45=""),"",F46/F45-1) | Q46: =IF(OR(G46="",G45=""),"",G46/G45-1) -> 0 | R46: =IF(OR(H46="",H45=""),"",H46/H45-1) -> -0.0016474465 | S46: =IF(OR(I46="",I45=""),"",I46/I45-1) | T46: =IF(OR(J46="",J45=""),"",J46/J45-1) | U46: =IF(OR(K46="",K45=""),"",K46/K45-1) | V46: =IF(OR(L46="",L45=""),"",L46/L45-1) | W46: =IF(COUNT(O42:O46)<5,"",STDEV(O42:O46)) -> 0.0061187128 | X46: =IF(W46="","",IF(W46>Controls!$B$2,1,0)) -> 0
A47: 34761 | B47: 798.79 | C47: 2783.96 | D47: 485.42 | E47: 11.45 | G47: 0.3 | H47: 6.04 | M47: =IF(OR(B47="",B46=""),"",B47/B46-1) -> 0.0064383631 | N47: =IF(OR(C47="",C46=""),"",C47/C46-1) -> -0.00026573778 | O47: =IF(OR(D47="",D46=""),"",D47/D46-1) -> 0.00059777792 | P47: =IF(OR(F47="",F46=""),"",F47/F46-1) | Q47: =IF(OR(G47="",G46=""),"",G47/G46-1) -> 0 | R47: =IF(OR(H47="",H46=""),"",H47/H46-1) -> -0.00330033 | S47: =IF(OR(I47="",I46=""),"",I47/I46-1) | T47: =IF(OR(J47="",J46=""),"",J47/J46-1) | U47: =IF(OR(K47="",K46=""),"",K47/K46-1) | V47: =IF(OR(L47="",L46=""),"",L47/L46-1) | W47: =IF(COUNT(O43:O47)<5,"",STDEV(O43:O47)) -> 0.0059300792 | X47: =IF(W47="","",IF(W47>Controls!$B$2,1,0)) -> 0
A48: 34764 | B48: 797.77 | C48: 2782.05 | D48: 485.63 | E48: 12.17 | G48: 0.3 | H48: 6.12 | M48: =IF(OR(B48="",B47=""),"",B48/B47-1) -> -0.0012769314 | N48: =IF(OR(C48="",C47=""),"",C48/C47-1) -> -0.00068607308 | O48: =IF(OR(D48="",D47=""),"",D48/D47-1) -> 0.00043261506 | P48: =IF(OR(F48="",F47=""),"",F48/F47-1) | Q48: =IF(OR(G48="",G47=""),"",G48/G47-1) -> 0 | R48: =IF(OR(H48="",H47=""),"",H48/H47-1) -> 0.013245033 | S48: =IF(OR(I48="",I47=""),"",I48/I47-1) | T48: =IF(OR(J48="",J47=""),"",J48/J47-1) | U48: =IF(OR(K48="",K47=""),"",K48/K47-1) | V48: =IF(OR(L48="",L47=""),"",L48/L47-1) | W48: =IF(COUNT(O44:O48)<5,"",STDEV(O44:O48)) -> 0.0040718097 | X48: =IF(W48="","",IF(W48>Controls!$B$2,1,0)) -> 0
A49: 34765 | B49: 791.33 | C49: 2762.39 | D49: 482.12 | E49: 14.22 | G49: 0.28 | H49: 6.12 | M49: =IF(OR(B49="",B48=""),"",B49/B48-1) -> -0.0080725021 | N49: =IF(OR(C49="",C48=""),"",C49/C48-1) -> -0.0070667314 | O49: =IF(OR(D49="",D48=""),"",D49/D48-1) -> -0.0072277248 | P49: =IF(OR(F49="",F48=""),"",F49/F48-1) | Q49: =IF(OR(G49="",G48=""),"",G49/G48-1) -> -0.066666667 | R49: =IF(OR(H49="",H48=""),"",H49/H48-1) -> 0 | S49: =IF(OR(I49="",I48=""),"",I49/I48-1) | T49: =IF(OR(J49="",J48=""),"",J49/J48-1) | U49: =IF(OR(K49="",K48=""),"",K49/K48-1) | V49: =IF(OR(L49="",L48=""),"",L49/L48-1) | W49: =IF(COUNT(O45:O49)<5,"",STDEV(O45:O49)) -> 0.0032856981 | X49: =IF(W49="","",IF(W49>Controls!$B$2,1,0)) -> 0
A50: 34766 | B50: 795.81 | C50: 2766.09 | D50: 483.14 | E50: 13.72 | G50: 0.29 | H50: 6.19 | M50: =IF(OR(B50="",B49=""),"",B50/B49-1) -> 0.0056613549 | N50: =IF(OR(C50="",C49=""),"",C50/C49-1) -> 0.0013394199 | O50: =IF(OR(D50="",D49=""),"",D50/D49-1) -> 0.0021156559 | P50: =IF(OR(F50="",F49=""),"",F50/F49-1) | Q50: =IF(OR(G50="",G49=""),"",G50/G49-1) -> 0.035714286 | R50: =IF(OR(H50="",H49=""),"",H50/H49-1) -> 0.011437908 | S50: =IF(OR(I50="",I49=""),"",I50/I49-1) | T50: =IF(OR(J50="",J49=""),"",J50/J49-1) | U50: =IF(OR(K50="",K49=""),"",K50/K49-1) | V50: =IF(OR(L50="",L49=""),"",L50/L49-1) | W50: =IF(COUNT(O46:O50)<5,"",STDEV(O46:O50)) -> 0.0036434017 | X50: =IF(W50="","",IF(W50>Controls!$B$2,1,0)) -> 0
... A76: 34802 | B76: 832.64 | C76: 2907.78 | D76: 509.23 | E76: 11.48 | G76: 0.28 | H76: 6.42 | M76: =IF(OR(B76="",B75=""),"",B76/B75-1) -> 0.0049605929 | N76: =IF(OR(C76="",C75=""),"",C76/C75-1) -> 0.0035028627 | O76: =IF(OR(D76="",D75=""),"",D76/D75-1) -> 0.0040617544 | P76: =IF(OR(F76="",F75=""),"",F76/F75-1) | Q76: =IF(OR(G76="",G75=""),"",G76/G75-1) -> -0.034482759 | R76: =IF(OR(H76="",H75=""),"",H76/H75-1) -> 0.0046948357 | S76: =IF(OR(I76="",I75=""),"",I76/I75-1) | T76: =IF(OR(J76="",J75=""),"",J76/J75-1) | U76: =IF(OR(K76="",K75=""),"",K76/K75-1) | V76: =IF(OR(L76="",L75=""),"",L76/L75-1) | W76: =IF(COUNT(O72:O76)<5,"",STDEV(O72:O76)) -> 0.0027205248 | X76: =IF(W76="","",IF(W76>Controls!$B$2,1,0)) -> 0
A77: 34803 | M77: =IF(OR(B77="",B76=""),"",B77/B76-1) | N77: =IF(OR(C77="",C76=""),"",C77/C76-1) | O77: =IF(OR(D77="",D76=""),"",D77/D76-1) | P77: =IF(OR(F77="",F76=""),"",F77/F76-1) | Q77: =IF(OR(G77="",G76=""),"",G77/G76-1) | R77: =IF(OR(H77="",H76=""),"",H77/H76-1) | S77: =IF(OR(I77="",I76=""),"",I77/I76-1) | T77: =IF(OR(J77="",J76=""),"",J77/J76-1) | U77: =IF(OR(K77="",K76=""),"",K77/K76-1) | V77: =IF(OR(L77="",L76=""),"",L77/L76-1) | W77: =IF(COUNT(O73:O77)<5,"",STDEV(O73:O77)) | X77: =IF(W77="","",IF(W77>Controls!$B$2,1,0))
A78: 34806 | B78: 830.82 | C78: 2892.34 | D78: 506.13 | E78: 12.33 | G78: 0.29 | H78: 6.43 | M78: =IF(OR(B78="",B77=""),"",B78/B77-1) | N78: =IF(OR(C78="",C77=""),"",C78/C77-1) | O78: =IF(OR(D78="",D77=""),"",D78/D77-1) | P78: =IF(OR(F78="",F77=""),"",F78/F77-1) | Q78: =IF(OR(G78="",G77=""),"",G78/G77-1) | R78: =IF(OR(H78="",H77=""),"",H78/H77-1) | S78: =IF(OR(I78="",I77=""),"",I78/I77-1) | T78: =IF(OR(J78="",J77=""),"",J78/J77-1) | U78: =IF(OR(K78="",K77=""),"",K78/K77-1) | V78: =IF(OR(L78="",L77=""),"",L78/L77-1) | W78: =IF(COUNT(O74:O78)<5,"",STDEV(O74:O78)) | X78: =IF(W78="","",IF(W78>Controls!$B$2,1,0))
A79: 34807 | B79: 825.74 | C79: 2886.95 | D79: 505.37 | E79: 12.96 | G79: 0.28 | H79: 6.5 | M79: =IF(OR(B79="",B78=""),"",B79/B78-1) -> -0.0061144412 | N79: =IF(OR(C79="",C78=""),"",C79/C78-1) -> -0.001863543 | O79: =IF(OR(D79="",D78=""),"",D79/D78-1) -> -0.0015015905 | P79: =IF(OR(F79="",F78=""),"",F79/F78-1) | Q79: =IF(OR(G79="",G78=""),"",G79/G78-1) -> -0.034482759 | R79: =IF(OR(H79="",H78=""),"",H79/H78-1) -> 0.01088647 | S79: =IF(OR(I79="",I78=""),"",I79/I78-1) | T79: =IF(OR(J79="",J78=""),"",J79/J78-1) | U79: =IF(OR(K79="",K78=""),"",K79/K78-1) | V79: =IF(OR(L79="",L78=""),"",L79/L78-1) | W79: =IF(COUNT(O75:O79)<5,"",STDEV(O75:O79)) | X79: =IF(W79="","",IF(W79>Controls!$B$2,1,0))
A80: 34808 | B80: 816.55 | C80: 2883.67 | D80: 504.92 | E80: 13.09 | G80: 0.27 | H80: 6.55 | M80: =IF(OR(B80="",B79=""),"",B80/B79-1) -> -0.011129411 | N80: =IF(OR(C80="",C79=""),"",C80/C79-1) -> -0.0011361471 | O80: =IF(OR(D80="",D79=""),"",D80/D79-1) -> -0.00089043671 | P80: =IF(OR(F80="",F79=""),"",F80/F79-1) | Q80: =IF(OR(G80="",G79=""),"",G80/G79-1) -> -0.035714286 | R80: =IF(OR(H80="",H79=""),"",H80/H79-1) -> 0.0076923077 | S80: =IF(OR(I80="",I79=""),"",I80/I79-1) | T80: =IF(OR(J80="",J79=""),"",J80/J79-1) | U80: =IF(OR(K80="",K79=""),"",K80/K79-1) | V80: =IF(OR(L80="",L79=""),"",L80/L79-1) | W80: =IF(COUNT(O76:O80)<5,"",STDEV(O76:O80)) | X80: =IF(W80="","",IF(W80>Controls!$B$2,1,0))
A81: 34809 | B81: 819.01 | C81: 2887.58 | D81: 505.29 | E81: 12.1 | G81: 0.28 | H81: 6.67 | M81: =IF(OR(B81="",B80=""),"",B81/B80-1) -> 0.0030126753 | N81: =IF(OR(C81="",C80=""),"",C81/C80-1) -> 0.001355911 | O81: =IF(OR(D81="",D80=""),"",D81/D80-1) -> 0.00073278935 | P81: =IF(OR(F81="",F80=""),"",F81/F80-1) | Q81: =IF(OR(G81="",G80=""),"",G81/G80-1) -> 0.037037037 | R81: =IF(OR(H81="",H80=""),"",H81/H80-1) -> 0.018320611 | S81: =IF(OR(I81="",I80=""),"",I81/I80-1) | T81: =IF(OR(J81="",J80=""),"",J81/J80-1) | U81: =IF(OR(K81="",K80=""),"",K81/K80-1) | V81: =IF(OR(L81="",L80=""),"",L81/L80-1) | W81: =IF(COUNT(O77:O81)<5,"",STDEV(O77:O81)) | X81: =IF(W81="","",IF(W81>Controls!$B$2,1,0))
A82: 34810 | B82: 823.44 | C82: 2905.24 | D82: 508.49 | E82: 11.86 | G82: 0.29 | H82: 6.62 | M82: =IF(OR(B82="",B81=""),"",B82/B81-1) -> 0.0054089694 | N82: =IF(OR(C82="",C81=""),"",C82/C81-1) -> 0.0061158479 | O82: =IF(OR(D82="",D81=""),"",D82/D81-1) -> 0.0063329969 | P82: =IF(OR(F82="",F81=""),"",F82/F81-1) | Q82: =IF(OR(G82="",G81=""),"",G82/G81-1) -> 0.035714286 | R82: =IF(OR(H82="",H81=""),"",H82/H81-1) -> -0.0074962519 | S82: =IF(OR(I82="",I81=""),"",I82/I81-1) | T82: =IF(OR(J82="",J81=""),"",J82/J81-1) | U82: =IF(OR(K82="",K81=""),"",K82/K81-1) | V82: =IF(OR(L82="",L81=""),"",L82/L81-1) | W82: =IF(COUNT(O78:O82)<5,"",STDEV(O78:O82)) | X82: =IF(W82="","",IF(W82>Controls!$B$2,1,0))
A83: 34813 | B83: 828.91 | C83: 2927.23 | D83: 512.89 | E83: 11.92 | G83: 0.29 | H83: 6.65 | M83: =IF(OR(B83="",B82=""),"",B83/B82-1) -> 0.0066428641 | N83: =IF(OR(C83="",C82=""),"",C83/C82-1) -> 0.0075690821 | O83: =IF(OR(D83="",D82=""),"",D83/D82-1) -> 0.0086530709 | P83: =IF(OR(F83="",F82=""),"",F83/F82-1) | Q83: =IF(OR(G83="",G82=""),"",G83/G82-1) -> 0 | R83: =IF(OR(H83="",H82=""),"",H83/H82-1) -> 0.0045317221 | S83: =IF(OR(I83="",I82=""),"",I83/I82-1) | T83: =IF(OR(J83="",J82=""),"",J83/J82-1) | U83: =IF(OR(K83="",K82=""),"",K83/K82-1) | V83: =IF(OR(L83="",L82=""),"",L83/L82-1) | W83: =IF(COUNT(O79:O83)<5,"",STDEV(O79:O83)) -> 0.0045564854 | X83: =IF(W83="","",IF(W83>Controls!$B$2,1,0)) -> 0
A84: 34814 | B84: 831.28 | C84: 2922.47 | D84: 512.1 | E84: 12.41 | G84: 0.28 | H84: 6.69 | M84: =IF(OR(B84="",B83=""),"",B84/B83-1) -> 0.0028591765 | N84: =IF(OR(C84="",C83=""),"",C84/C83-1) -> -0.0016261107 | O84: =IF(OR(D84="",D83=""),"",D84/D83-1) -> -0.0015402913 | P84: =IF(OR(F84="",F83=""),"",F84/F83-1) | Q84: =IF(OR(G84="",G83=""),"",G84/G83-1) -> -0.034482759 | R84: =IF(OR(H84="",H83=""),"",H84/H83-1) -> 0.0060150376 | S84: =IF(OR(I84="",I83=""),"",I84/I83-1) | T84: =IF(OR(J84="",J83=""),"",J84/J83-1) | U84: =IF(OR(K84="",K83=""),"",K84/K83-1) | V84: =IF(OR(L84="",L83=""),"",L84/L83-1) | W84: =IF(COUNT(O80:O84)<5,"",STDEV(O80:O84)) -> 0.0045653577 | X84: =IF(W84="","",IF(W84>Controls!$B$2,1,0)) -> 0
A85: 34815 | B85: 836.91 | C85: 2923.53 | D85: 512.66 | E85: 12.28 | G85: 0.28 | H85: 6.67 | M85: =IF(OR(B85="",B84=""),"",B85/B84-1) -> 0.0067726879 | N85: =IF(OR(C85="",C84=""),"",C85/C84-1) -> 0.00036270689 | O85: =IF(OR(D85="",D84=""),"",D85/D84-1) -> 0.0010935364 | P85: =IF(OR(F85="",F84=""),"",F85/F84-1) | Q85: =IF(OR(G85="",G84=""),"",G85/G84-1) -> 0 | R85: =IF(OR(H85="",H84=""),"",H85/H84-1) -> -0.0029895366 | S85: =IF(OR(I85="",I84=""),"",I85/I84-1) | T85: =IF(OR(J85="",J84=""),"",J85/J84-1) | U85: =IF(OR(K85="",K84=""),"",K85/K84-1) | V85: =IF(OR(L85="",L84=""),"",L85/L84-1) | W85: =IF(COUNT(O81:O85)<5,"",STDEV(O81:O85)) -> 0.0042555952 | X85: =IF(W85="","",IF(W85>Controls!$B$2,1,0)) -> 0
A86: 34816 | B86: 840.95 | C86: 2927.55 | D86: 513.55 | E86: 11.93 | G86: 0.28 | H86: 6.65 | M86: =IF(OR(B86="",B85=""),"",B86/B85-1) -> 0.0048272813 | N86: =IF(OR(C86="",C85=""),"",C86/C85-1) -> 0.00137505 | O86: =IF(OR(D86="",D85=""),"",D86/D85-1) -> 0.0017360434 | P86: =IF(OR(F86="",F85=""),"",F86/F85-1) | Q86: =IF(OR(G86="",G85=""),"",G86/G85-1) -> 0 | R86: =IF(OR(H86="",H85=""),"",H86/H85-1) -> -0.0029985007 | S86: =IF(OR(I86="",I85=""),"",I86/I85-1) | T86: =IF(OR(J86="",J85=""),"",J86/J85-1) | U86: =IF(OR(K86="",K85=""),"",K86/K85-1) | V86: =IF(OR(L86="",L85=""),"",L86/L85-1) | W86: =IF(COUNT(O82:O86)<5,"",STDEV(O82:O86)) -> 0.0041408697 | X86: =IF(W86="","",IF(W86>Controls!$B$2,1,0)) -> 0
A87: 34817 | B87: 843.98 | C87: 2932.2 | D87: 514.71 | E87: 11.75 | G87: 0.28 | H87: 6.64 | M87: =IF(OR(B87="",B86=""),"",B87/B86-1) -> 0.003603068 | N87: =IF(OR(C87="",C86=""),"",C87/C86-1) -> 0.0015883589 | O87: =IF(OR(D87="",D86=""),"",D87/D86-1) -> 0.0022587869 | P87: =IF(OR(F87="",F86=""),"",F87/F86-1) | Q87: =IF(OR(G87="",G86=""),"",G87/G86-1) -> 0 | R87: =IF(OR(H87="",H86=""),"",H87/H86-1) -> -0.0015037594 | S87: =IF(OR(I87="",I86=""),"",I87/I86-1) | T87: =IF(OR(J87="",J86=""),"",J87/J86-1) | U87: =IF(OR(K87="",K86=""),"",K87/K86-1) | V87: =IF(OR(L87="",L86=""),"",L87/L86-1) | W87: =IF(COUNT(O83:O87)<5,"",STDEV(O83:O87)) -> 0.0037678351 | X87: =IF(W87="","",IF(W87>Controls!$B$2,1,0)) -> 0
A88: 34820 | B88: 841.63 | C88: 2930.4 | D88: 514.26 | E88: 12.14 | G88: 0.28 | H88: 6.77 | M88: =IF(OR(B88="",B87=""),"",B88/B87-1) -> -0.0027844262 | N88: =IF(OR(C88="",C87=""),"",C88/C87-1) -> -0.00061387354 | O88: =IF(OR(D88="",D87=""),"",D88/D87-1) -> -0.00087427872 | P88: =IF(OR(F88="",F87=""),"",F88/F87-1) | Q88: =IF(OR(G88="",G87=""),"",G88/G87-1) -> 0 | R88: =IF(OR(H88="",H87=""),"",H88/H87-1) -> 0.019578313 | S88: =IF(OR(I88="",I87=""),"",I88/I87-1) | T88: =IF(OR(J88="",J87=""),"",J88/J87-1) | U88: =IF(OR(K88="",K87=""),"",K88/K87-1) | V88: =IF(OR(L88="",L87=""),"",L88/L87-1) | W88: =IF(COUNT(O84:O88)<5,"",STDEV(O84:O88)) -> 0.0016597296 | X88: =IF(W88="","",IF(W88>Controls!$B$2,1,0)) -> 0
A89: 34821 | B89: 841.79 | C89: 2933.47 | D89: 514.86 | E89: 11.88 | G89: 0.28 | H89: 6.77 | M89: =IF(OR(B89="",B88=""),"",B89/B88-1) -> 0.00019010729 | N89: =IF(OR(C89="",C88=""),"",C89/C88-1) -> 0.0010476385 | O89: =IF(OR(D89="",D88=""),"",D89/D88-1) -> 0.001166725 | P89: =IF(OR(F89="",F88=""),"",F89/F88-1) | Q89: =IF(OR(G89="",G88=""),"",G89/G88-1) -> 0 | R89: =IF(OR(H89="",H88=""),"",H89/H88-1) -> 0 | S89: =IF(OR(I89="",I88=""),"",I89/I88-1) | T89: =IF(OR(J89="",J88=""),"",J89/J88-1) | U89: =IF(OR(K89="",K88=""),"",K89/K88-1) | V89: =IF(OR(L89="",L88=""),"",L89/L88-1) | W89: =IF(COUNT(O85:O89)<5,"",STDEV(O85:O89)) -> 0.0011881464 | X89: =IF(W89="","",IF(W89>Controls!$B$2,1,0)) -> 0
... A107: 34845 | B107: 871.87 | C107: 2977.35 | D107: 523.65 | E107: 12.2 | G107: 0.32 | H107: 6.74 | M107: =IF(OR(B107="",B106=""),"",B107/B106-1) -> -0.0062121005 | N107: =IF(OR(C107="",C106=""),"",C107/C106-1) -> -0.0082772633 | O107: =IF(OR(D107="",D106=""),"",D107/D106-1) -> -0.0093456176 | P107: =IF(OR(F107="",F106=""),"",F107/F106-1) | Q107: =IF(OR(G107="",G106=""),"",G107/G106-1) -> 0 | R107: =IF(OR(H107="",H106=""),"",H107/H106-1) -> -0.021770682 | S107: =IF(OR(I107="",I106=""),"",I107/I106-1) | T107: =IF(OR(J107="",J106=""),"",J107/J106-1) | U107: =IF(OR(K107="",K106=""),"",K107/K106-1) | V107: =IF(OR(L107="",L106=""),"",L107/L106-1) | W107: =IF(COUNT(O103:O107)<5,"",STDEV(O103:O107)) -> 0.0076659936 | X107: =IF(W107="","",IF(W107>Controls!$B$2,1,0)) -> 0
A108: 34848 | M108: =IF(OR(B108="",B107=""),"",B108/B107-1) | N108: =IF(OR(C108="",C107=""),"",C108/C107-1) | O108: =IF(OR(D108="",D107=""),"",D108/D107-1) | P108: =IF(OR(F108="",F107=""),"",F108/F107-1) | Q108: =IF(OR(G108="",G107=""),"",G108/G107-1) | R108: =IF(OR(H108="",H107=""),"",H108/H107-1) | S108: =IF(OR(I108="",I107=""),"",I108/I107-1) | T108: =IF(OR(J108="",J107=""),"",J108/J107-1) | U108: =IF(OR(K108="",K107=""),"",K108/K107-1) | V108: =IF(OR(L108="",L107=""),"",L108/L107-1) | W108: =IF(COUNT(O104:O108)<5,"",STDEV(O104:O108)) | X108: =IF(W108="","",IF(W108>Controls!$B$2,1,0))
A109: 34849 | B109: 858.7 | C109: 2980.42 | D109: 523.58 | E109: 12.52 | G109: 0.31 | H109: 6.79 | M109: =IF(OR(B109="",B108=""),"",B109/B108-1) | N109: =IF(OR(C109="",C108=""),"",C109/C108-1) | O109: =IF(OR(D109="",D108=""),"",D109/D108-1) | P109: =IF(OR(F109="",F108=""),"",F109/F108-1) | Q109: =IF(OR(G109="",G108=""),"",G109/G108-1) | R109: =IF(OR(H109="",H108=""),"",H109/H108-1) | S109: =IF(OR(I109="",I108=""),"",I109/I108-1) | T109: =IF(OR(J109="",J108=""),"",J109/J108-1) | U109: =IF(OR(K109="",K108=""),"",K109/K108-1) | V109: =IF(OR(L109="",L108=""),"",L109/L108-1) | W109: =IF(COUNT(O105:O109)<5,"",STDEV(O105:O109)) | X109: =IF(W109="","",IF(W109>Controls!$B$2,1,0))
A110: 34850 | B110: 864.58 | C110: 3028.74 | D110: 533.4 | E110: 12.85 | G110: 0.31 | H110: 6.89 | M110: =IF(OR(B110="",B109=""),"",B110/B109-1) -> 0.0068475603 | N110: =IF(OR(C110="",C109=""),"",C110/C109-1) -> 0.01621248 | O110: =IF(OR(D110="",D109=""),"",D110/D109-1) -> 0.018755491 | P110: =IF(OR(F110="",F109=""),"",F110/F109-1) | Q110: =IF(OR(G110="",G109=""),"",G110/G109-1) -> 0 | R110: =IF(OR(H110="",H109=""),"",H110/H109-1) -> 0.014727541 | S110: =IF(OR(I110="",I109=""),"",I110/I109-1) | T110: =IF(OR(J110="",J109=""),"",J110/J109-1) | U110: =IF(OR(K110="",K109=""),"",K110/K109-1) | V110: =IF(OR(L110="",L109=""),"",L110/L109-1) | W110: =IF(COUNT(O106:O110)<5,"",STDEV(O106:O110)) | X110: =IF(W110="","",IF(W110>Controls!$B$2,1,0))
A111: 34851 | B111: 868.82 | C111: 3031.81 | D111: 533.49 | E111: 12.21 | G111: 0.31 | H111: 6.88 | M111: =IF(OR(B111="",B110=""),"",B111/B110-1) -> 0.0049041153 | N111: =IF(OR(C111="",C110=""),"",C111/C110-1) -> 0.0010136228 | O111: =IF(OR(D111="",D110=""),"",D111/D110-1) -> 0.00016872891 | P111: =IF(OR(F111="",F110=""),"",F111/F110-1) | Q111: =IF(OR(G111="",G110=""),"",G111/G110-1) -> 0 | R111: =IF(OR(H111="",H110=""),"",H111/H110-1) -> -0.0014513788 | S111: =IF(OR(I111="",I110=""),"",I111/I110-1) | T111: =IF(OR(J111="",J110=""),"",J111/J110-1) | U111: =IF(OR(K111="",K110=""),"",K111/K110-1) | V111: =IF(OR(L111="",L110=""),"",L111/L110-1) | W111: =IF(COUNT(O107:O111)<5,"",STDEV(O107:O111)) | X111: =IF(W111="","",IF(W111>Controls!$B$2,1,0))
A112: 34852 | B112: 872.97 | C112: 3029.69 | D112: 532.51 | E112: 12.98 | G112: 0.31 | H112: 6.82 | M112: =IF(OR(B112="",B111=""),"",B112/B111-1) -> 0.0047765935 | N112: =IF(OR(C112="",C111=""),"",C112/C111-1) -> -0.00069925226 | O112: =IF(OR(D112="",D111=""),"",D112/D111-1) -> -0.0018369604 | P112: =IF(OR(F112="",F111=""),"",F112/F111-1) | Q112: =IF(OR(G112="",G111=""),"",G112/G111-1) -> 0 | R112: =IF(OR(H112="",H111=""),"",H112/H111-1) -> -0.0087209302 | S112: =IF(OR(I112="",I111=""),"",I112/I111-1) | T112: =IF(OR(J112="",J111=""),"",J112/J111-1) | U112: =IF(OR(K112="",K111=""),"",K112/K111-1) | V112: =IF(OR(L112="",L111=""),"",L112/L111-1) | W112: =IF(COUNT(O108:O112)<5,"",STDEV(O108:O112)) | X112: =IF(W112="","",IF(W112>Controls!$B$2,1,0))
A113: 34855 | B113: 882.85 | C113: 3045.76 | D113: 535.6 | E113: 13.45 | G113: 0.32 | H113: 6.86 | M113: =IF(OR(B113="",B112=""),"",B113/B112-1) -> 0.011317686 | N113: =IF(OR(C113="",C112=""),"",C113/C112-1) -> 0.005304173 | O113: =IF(OR(D113="",D112=""),"",D113/D112-1) -> 0.0058027079 | P113: =IF(OR(F113="",F112=""),"",F113/F112-1) | Q113: =IF(OR(G113="",G112=""),"",G113/G112-1) -> 0.032258065 | R113: =IF(OR(H113="",H112=""),"",H113/H112-1) -> 0.0058651026 | S113: =IF(OR(I113="",I112=""),"",I113/I112-1) | T113: =IF(OR(J113="",J112=""),"",J113/J112-1) | U113: =IF(OR(K113="",K112=""),"",K113/K112-1) | V113: =IF(OR(L113="",L112=""),"",L113/L112-1) | W113: =IF(COUNT(O109:O113)<5,"",STDEV(O109:O113)) | X113: =IF(W113="","",IF(W113>Controls!$B$2,1,0))
A114: 34856 | B114: 879.4 | C114: 3047.67 | D114: 535.55 | E114: 13 | G114: 0.33 | H114: 6.83 | M114: =IF(OR(B114="",B113=""),"",B114/B113-1) -> -0.0039077986 | N114: =IF(OR(C114="",C113=""),"",C114/C113-1) -> 0.00062710128 | O114: =IF(OR(D114="",D113=""),"",D114/D113-1) -> -9.3353249e-05 | P114: =IF(OR(F114="",F113=""),"",F114/F113-1) | Q114: =IF(OR(G114="",G113=""),"",G114/G113-1) -> 0.03125 | R114: =IF(OR(H114="",H113=""),"",H114/H113-1) -> -0.0043731778 | S114: =IF(OR(I114="",I113=""),"",I114/I113-1) | T114: =IF(OR(J114="",J113=""),"",J114/J113-1) | U114: =IF(OR(K114="",K113=""),"",K114/K113-1) | V114: =IF(OR(L114="",L113=""),"",L114/L113-1) | W114: =IF(COUNT(O110:O114)<5,"",STDEV(O110:O114)) -> 0.008439703 | X114: =IF(W114="","",IF(W114>Controls!$B$2,1,0)) -> 0
A115: 34857 | B115: 881.58 | C115: 3034.24 | D115: 533.13 | E115: 12.84 | G115: 0.32 | H115: 6.86 | M115: =IF(OR(B115="",B114=""),"",B115/B114-1) -> 0.0024789629 | N115: =IF(OR(C115="",C114=""),"",C115/C114-1) -> -0.0044066451 | O115: =IF(OR(D115="",D114=""),"",D115/D114-1) -> -0.0045187191 | P115: =IF(OR(F115="",F114=""),"",F115/F114-1) | Q115: =IF(OR(G115="",G114=""),"",G115/G114-1) -> -0.03030303 | R115: =IF(OR(H115="",H114=""),"",H115/H114-1) -> 0.0043923865 | S115: =IF(OR(I115="",I114=""),"",I115/I114-1) | T115: =IF(OR(J115="",J114=""),"",J115/J114-1) | U115: =IF(OR(K115="",K114=""),"",K115/K114-1) | V115: =IF(OR(L115="",L114=""),"",L115/L114-1) | W115: =IF(COUNT(O111:O115)<5,"",STDEV(O111:O115)) -> 0.0037899944 | X115: =IF(W115="","",IF(W115>Controls!$B$2,1,0)) -> 0
A116: 34858 | B116: 886.13 | C116: 3028.85 | D116: 532.35 | E116: 12.89 | G116: 0.32 | H116: 6.87 | M116: =IF(OR(B116="",B115=""),"",B116/B115-1) -> 0.0051611879 | N116: =IF(OR(C116="",C115=""),"",C116/C115-1) -> -0.0017763921 | O116: =IF(OR(D116="",D115=""),"",D116/D115-1) -> -0.0014630578 | P116: =IF(OR(F116="",F115=""),"",F116/F115-1) | Q116: =IF(OR(G116="",G115=""),"",G116/G115-1) -> 0 | R116: =IF(OR(H116="",H115=""),"",H116/H115-1) -> 0.0014577259 | S116: =IF(OR(I116="",I115=""),"",I116/I115-1) | T116: =IF(OR(J116="",J115=""),"",J116/J115-1) | U116: =IF(OR(K116="",K115=""),"",K116/K115-1) | V116: =IF(OR(L116="",L115=""),"",L116/L115-1) | W116: =IF(COUNT(O112:O116)<5,"",STDEV(O112:O116)) -> 0.0038315799 | X116: =IF(W116="","",IF(W116>Controls!$B$2,1,0)) -> 0
A117: 34859 | B117: 884.38 | C117: 3003.47 | D117: 527.94 | E117: 12.76 | G117: 0.32 | H117: 6.82 | M117: =IF(OR(B117="",B116=""),"",B117/B116-1) -> -0.0019748795 | N117: =IF(OR(C117="",C116=""),"",C117/C116-1) -> -0.0083794179 | O117: =IF(OR(D117="",D116=""),"",D117/D116-1) -> -0.0082840237 | P117: =IF(OR(F117="",F116=""),"",F117/F116-1) | Q117: =IF(OR(G117="",G116=""),"",G117/G116-1) -> 0 | R117: =IF(OR(H117="",H116=""),"",H117/H116-1) -> -0.0072780204 | S117: =IF(OR(I117="",I116=""),"",I117/I116-1) | T117: =IF(OR(J117="",J116=""),"",J117/J116-1) | U117: =IF(OR(K117="",K116=""),"",K117/K116-1) | V117: =IF(OR(L117="",L116=""),"",L117/L116-1) | W117: =IF(COUNT(O113:O117)<5,"",STDEV(O113:O117)) -> 0.005249333 | X117: =IF(W117="","",IF(W117>Controls!$B$2,1,0)) -> 0
A118: 34862 | B118: 887.98 | C118: 3019.43 | D118: 530.88 | E118: 11.91 | G118: 0.33 | H118: 6.8 | M118: =IF(OR(B118="",B117=""),"",B118/B117-1) -> 0.0040706484 | N118: =IF(OR(C118="",C117=""),"",C118/C117-1) -> 0.0053138536 | O118: =IF(OR(D118="",D117=""),"",D118/D117-1) -> 0.0055688146 | P118: =IF(OR(F118="",F117=""),"",F118/F117-1) | Q118: =IF(OR(G118="",G117=""),"",G118/G117-1) -> 0.03125 | R118: =IF(OR(H118="",H117=""),"",H118/H117-1) -> -0.0029325513 | S118: =IF(OR(I118="",I117=""),"",I118/I117-1) | T118: =IF(OR(J118="",J117=""),"",J118/J117-1) | U118: =IF(OR(K118="",K117=""),"",K118/K117-1) | V118: =IF(OR(L118="",L117=""),"",L118/L117-1) | W118: =IF(COUNT(O114:O118)<5,"",STDEV(O114:O118)) -> 0.0051660141 | X118: =IF(W118="","",IF(W118>Controls!$B$2,1,0)) -> 0
A119: 34863 | B119: 894.23 | C119: 3047.14 | D119: 536.05 | E119: 11.29 | G119: 0.33 | H119: 6.81 | M119: =IF(OR(B119="",B118=""),"",B119/B118-1) -> 0.0070384468 | N119: =IF(OR(C119="",C118=""),"",C119/C118-1) -> 0.0091772288 | O119: =IF(OR(D119="",D118=""),"",D119/D118-1) -> 0.0097385473 | P119: =IF(OR(F119="",F118=""),"",F119/F118-1) | Q119: =IF(OR(G119="",G118=""),"",G119/G118-1) -> 0 | R119: =IF(OR(H119="",H118=""),"",H119/H118-1) -> 0.0014705882 | S119: =IF(OR(I119="",I118=""),"",I119/I118-1) | T119: =IF(OR(J119="",J118=""),"",J119/J118-1) | U119: =IF(OR(K119="",K118=""),"",K119/K118-1) | V119: =IF(OR(L119="",L118=""),"",L119/L118-1) | W119: =IF(COUNT(O115:O119)<5,"",STDEV(O115:O119)) -> 0.007362378 | X119: =IF(W119="","",IF(W119>Controls!$B$2,1,0)) -> 0
A120: 34864 | B120: 895.72 | C120: 3048.94 | D120: 536.47 | E120: 11.29 | G120: 0.33 | H120: 6.82 | M120: =IF(OR(B120="",B119=""),"",B120/B119-1) -> 0.001666238 | N120: =IF(OR(C120="",C119=""),"",C120/C119-1) -> 0.00059071785 | O120: =IF(OR(D120="",D119=""),"",D120/D119-1) -> 0.000783509 | P120: =IF(OR(F120="",F119=""),"",F120/F119-1) | Q120: =IF(OR(G120="",G119=""),"",G120/G119-1) -> 0 | R120: =IF(OR(H120="",H119=""),"",H120/H119-1) -> 0.0014684288 | S120: =IF(OR(I120="",I119=""),"",I120/I119-1) | T120: =IF(OR(J120="",J119=""),"",J120/J119-1) | U120: =IF(OR(K120="",K119=""),"",K120/K119-1) | V120: =IF(OR(L120="",L119=""),"",L120/L119-1) | W120: =IF(COUNT(O116:O120)<5,"",STDEV(O116:O120)) -> 0.0068771677 | X120: =IF(W120="","",IF(W120>Controls!$B$2,1,0)) -> 0
... A133: 34883 | B133: 934.53 | C133: 3098 | D133: 547.09 | E133: 11.57 | G133: 0.35 | H133: 6.85 | M133: =IF(OR(B133="",B132=""),"",B133/B132-1) -> 0.0011569982 | N133: =IF(OR(C133="",C132=""),"",C133/C132-1) -> 0.0039405802 | O133: =IF(OR(D133="",D132=""),"",D133/D132-1) -> 0.0042955484 | P133: =IF(OR(F133="",F132=""),"",F133/F132-1) | Q133: =IF(OR(G133="",G132=""),"",G133/G132-1) -> 0 | R133: =IF(OR(H133="",H132=""),"",H133/H132-1) -> 0.004398827 | S133: =IF(OR(I133="",I132=""),"",I133/I132-1) | T133: =IF(OR(J133="",J132=""),"",J133/J132-1) | U133: =IF(OR(K133="",K132=""),"",K133/K132-1) | V133: =IF(OR(L133="",L132=""),"",L133/L132-1) | W133: =IF(COUNT(O129:O133)<5,"",STDEV(O129:O133)) -> 0.0033674997 | X133: =IF(W133="","",IF(W133>Controls!$B$2,1,0)) -> 0
A134: 34884 | M134: =IF(OR(B134="",B133=""),"",B134/B133-1) | N134: =IF(OR(C134="",C133=""),"",C134/C133-1) | O134: =IF(OR(D134="",D133=""),"",D134/D133-1) | P134: =IF(OR(F134="",F133=""),"",F134/F133-1) | Q134: =IF(OR(G134="",G133=""),"",G134/G133-1) | R134: =IF(OR(H134="",H133=""),"",H134/H133-1) | S134: =IF(OR(I134="",I133=""),"",I134/I133-1) | T134: =IF(OR(J134="",J133=""),"",J134/J133-1) | U134: =IF(OR(K134="",K133=""),"",K134/K133-1) | V134: =IF(OR(L134="",L133=""),"",L134/L133-1) | W134: =IF(COUNT(O130:O134)<5,"",STDEV(O130:O134)) | X134: =IF(W134="","",IF(W134>Controls!$B$2,1,0))
A135: 34885 | B135: 941.82 | C135: 3100.32 | D135: 547.26 | E135: 12.1 | G135: 0.35 | H135: 6.83 | M135: =IF(OR(B135="",B134=""),"",B135/B134-1) | N135: =IF(OR(C135="",C134=""),"",C135/C134-1) | O135: =IF(OR(D135="",D134=""),"",D135/D134-1) | P135: =IF(OR(F135="",F134=""),"",F135/F134-1) | Q135: =IF(OR(G135="",G134=""),"",G135/G134-1) | R135: =IF(OR(H135="",H134=""),"",H135/H134-1) | S135: =IF(OR(I135="",I134=""),"",I135/I134-1) | T135: =IF(OR(J135="",J134=""),"",J135/J134-1) | U135: =IF(OR(K135="",K134=""),"",K135/K134-1) | V135: =IF(OR(L135="",L134=""),"",L135/L134-1) | W135: =IF(COUNT(O131:O135)<5,"",STDEV(O131:O135)) | X135: =IF(W135="","",IF(W135>Controls!$B$2,1,0))
A136: 34886 | B136: 952.93 | C136: 3134.37 | D136: 553.99 | E136: 11.52 | G136: 0.35 | H136: 6.98 | M136: =IF(OR(B136="",B135=""),"",B136/B135-1) -> 0.011796309 | N136: =IF(OR(C136="",C135=""),"",C136/C135-1) -> 0.010982737 | O136: =IF(OR(D136="",D135=""),"",D136/D135-1) -> 0.012297628 | P136: =IF(OR(F136="",F135=""),"",F136/F135-1) | Q136: =IF(OR(G136="",G135=""),"",G136/G135-1) -> 0 | R136: =IF(OR(H136="",H135=""),"",H136/H135-1) -> 0.021961933 | S136: =IF(OR(I136="",I135=""),"",I136/I135-1) | T136: =IF(OR(J136="",J135=""),"",J136/J135-1) | U136: =IF(OR(K136="",K135=""),"",K136/K135-1) | V136: =IF(OR(L136="",L135=""),"",L136/L135-1) | W136: =IF(COUNT(O132:O136)<5,"",STDEV(O132:O136)) | X136: =IF(W136="","",IF(W136>Controls!$B$2,1,0))
A137: 34887 | B137: 969.76 | C137: 3147.91 | D137: 556.37 | E137: 11.77 | G137: 0.36 | H137: 6.92 | M137: =IF(OR(B137="",B136=""),"",B137/B136-1) -> 0.017661318 | N137: =IF(OR(C137="",C136=""),"",C137/C136-1) -> 0.0043198474 | O137: =IF(OR(D137="",D136=""),"",D137/D136-1) -> 0.0042961064 | P137: =IF(OR(F137="",F136=""),"",F137/F136-1) | Q137: =IF(OR(G137="",G136=""),"",G137/G136-1) -> 0.028571429 | R137: =IF(OR(H137="",H136=""),"",H137/H136-1) -> -0.0085959885 | S137: =IF(OR(I137="",I136=""),"",I137/I136-1) | T137: =IF(OR(J137="",J136=""),"",J137/J136-1) | U137: =IF(OR(K137="",K136=""),"",K137/K136-1) | V137: =IF(OR(L137="",L136=""),"",L137/L136-1) | W137: =IF(COUNT(O133:O137)<5,"",STDEV(O133:O137)) | X137: =IF(W137="","",IF(W137>Controls!$B$2,1,0))
A138: 34890 | B138: 976.63 | C138: 3151.29 | D138: 557.19 | E138: 12.19 | G138: 0.36 | H138: 6.85 | M138: =IF(OR(B138="",B137=""),"",B138/B137-1) -> 0.007084227 | N138: =IF(OR(C138="",C137=""),"",C138/C137-1) -> 0.0010737283 | O138: =IF(OR(D138="",D137=""),"",D138/D137-1) -> 0.0014738394 | P138: =IF(OR(F138="",F137=""),"",F138/F137-1) | Q138: =IF(OR(G138="",G137=""),"",G138/G137-1) -> 0 | R138: =IF(OR(H138="",H137=""),"",H138/H137-1) -> -0.010115607 | S138: =IF(OR(I138="",I137=""),"",I138/I137-1) | T138: =IF(OR(J138="",J137=""),"",J138/J137-1) | U138: =IF(OR(K138="",K137=""),"",K138/K137-1) | V138: =IF(OR(L138="",L137=""),"",L138/L137-1) | W138: =IF(COUNT(O134:O138)<5,"",STDEV(O134:O138)) | X138: =IF(W138="","",IF(W138>Controls!$B$2,1,0))
A139: 34891 | B139: 970.22 | C139: 3142.41 | D139: 554.78 | E139: 12.25 | G139: 0.35 | H139: 6.89 | M139: =IF(OR(B139="",B138=""),"",B139/B138-1) -> -0.0065633863 | N139: =IF(OR(C139="",C138=""),"",C139/C138-1) -> -0.0028178936 | O139: =IF(OR(D139="",D138=""),"",D139/D138-1) -> -0.004325275 | P139: =IF(OR(F139="",F138=""),"",F139/F138-1) | Q139: =IF(OR(G139="",G138=""),"",G139/G138-1) -> -0.027777778 | R139: =IF(OR(H139="",H138=""),"",H139/H138-1) -> 0.0058394161 | S139: =IF(OR(I139="",I138=""),"",I139/I138-1) | T139: =IF(OR(J139="",J138=""),"",J139/J138-1) | U139: =IF(OR(K139="",K138=""),"",K139/K138-1) | V139: =IF(OR(L139="",L138=""),"",L139/L138-1) | W139: =IF(COUNT(O135:O139)<5,"",STDEV(O135:O139)) | X139: =IF(W139="","",IF(W139>Controls!$B$2,1,0))
A140: 34892 | B140: 988.63 | C140: 3171.38 | D140: 560.89 | E140: 12.31 | G140: 0.35 | H140: 6.94 | M140: =IF(OR(B140="",B139=""),"",B140/B139-1) -> 0.018975078 | N140: =IF(OR(C140="",C139=""),"",C140/C139-1) -> 0.0092190389 | O140: =IF(OR(D140="",D139=""),"",D140/D139-1) -> 0.011013375 | P140: =IF(OR(F140="",F139=""),"",F140/F139-1) | Q140: =IF(OR(G140="",G139=""),"",G140/G139-1) -> 0 | R140: =IF(OR(H140="",H139=""),"",H140/H139-1) -> 0.007256894 | S140: =IF(OR(I140="",I139=""),"",I140/I139-1) | T140: =IF(OR(J140="",J139=""),"",J140/J139-1) | U140: =IF(OR(K140="",K139=""),"",K140/K139-1) | V140: =IF(OR(L140="",L139=""),"",L140/L139-1) | W140: =IF(COUNT(O136:O140)<5,"",STDEV(O136:O140)) -> 0.0068792104 | X140: =IF(W140="","",IF(W140>Controls!$B$2,1,0)) -> 0
A141: 34893 | B141: 994.15 | C141: 3169.9 | D141: 561 | E141: 12.56 | G141: 0.36 | H141: 6.94 | M141: =IF(OR(B141="",B140=""),"",B141/B140-1) -> 0.0055834842 | N141: =IF(OR(C141="",C140=""),"",C141/C140-1) -> -0.00046667381 | O141: =IF(OR(D141="",D140=""),"",D141/D140-1) -> 0.00019611689 | P141: =IF(OR(F141="",F140=""),"",F141/F140-1) | Q141: =IF(OR(G141="",G140=""),"",G141/G140-1) -> 0.028571429 | R141: =IF(OR(H141="",H140=""),"",H141/H140-1) -> 0 | S141: =IF(OR(I141="",I140=""),"",I141/I140-1) | T141: =IF(OR(J141="",J140=""),"",J141/J140-1) | U141: =IF(OR(K141="",K140=""),"",K141/K140-1) | V141: =IF(OR(L141="",L140=""),"",L141/L140-1) | W141: =IF(COUNT(O137:O141)<5,"",STDEV(O137:O141)) -> 0.0056710682 | X141: =IF(W141="","",IF(W141>Controls!$B$2,1,0)) -> 0
A142: 34894 | B142: 999.33 | C142: 3160.49 | D142: 559.89 | E142: 12.08 | G142: 0.36 | H142: 6.92 | M142: =IF(OR(B142="",B141=""),"",B142/B141-1) -> 0.0052104813 | N142: =IF(OR(C142="",C141=""),"",C142/C141-1) -> -0.0029685479 | O142: =IF(OR(D142="",D141=""),"",D142/D141-1) -> -0.0019786096 | P142: =IF(OR(F142="",F141=""),"",F142/F141-1) | Q142: =IF(OR(G142="",G141=""),"",G142/G141-1) -> 0 | R142: =IF(OR(H142="",H141=""),"",H142/H141-1) -> -0.0028818444 | S142: =IF(OR(I142="",I141=""),"",I142/I141-1) | T142: =IF(OR(J142="",J141=""),"",J142/J141-1) | U142: =IF(OR(K142="",K141=""),"",K142/K141-1) | V142: =IF(OR(L142="",L141=""),"",L142/L141-1) | W142: =IF(COUNT(O138:O142)<5,"",STDEV(O138:O142)) -> 0.0058734257 | X142: =IF(W142="","",IF(W142>Controls!$B$2,1,0)) -> 0
A143: 34897 | B143: 1005.89 | C143: 3172.22 | D143: 562.72 | E143: 12.26 | G143: 0.37 | H143: 6.98 | M143: =IF(OR(B143="",B142=""),"",B143/B142-1) -> 0.0065643981 | N143: =IF(OR(C143="",C142=""),"",C143/C142-1) -> 0.0037114498 | O143: =IF(OR(D143="",D142=""),"",D143/D142-1) -> 0.0050545643 | P143: =IF(OR(F143="",F142=""),"",F143/F142-1) | Q143: =IF(OR(G143="",G142=""),"",G143/G142-1) -> 0.027777778 | R143: =IF(OR(H143="",H142=""),"",H143/H142-1) -> 0.0086705202 | S143: =IF(OR(I143="",I142=""),"",I143/I142-1) | T143: =IF(OR(J143="",J142=""),"",J143/J142-1) | U143: =IF(OR(K143="",K142=""),"",K143/K142-1) | V143: =IF(OR(L143="",L142=""),"",L143/L142-1) | W143: =IF(COUNT(O139:O143)<5,"",STDEV(O139:O143)) -> 0.0061168497 | X143: =IF(W143="","",IF(W143>Controls!$B$2,1,0)) -> 0
A144: 34898 | B144: 988.53 | C144: 3154.99 | D144: 558.46 | E144: 12.68 | G144: 0.36 | H144: 6.93 | M144: =IF(OR(B144="",B143=""),"",B144/B143-1) -> -0.017258348 | N144: =IF(OR(C144="",C143=""),"",C144/C143-1) -> -0.0054315274 | O144: =IF(OR(D144="",D143=""),"",D144/D143-1) -> -0.0075703725 | P144: =IF(OR(F144="",F143=""),"",F144/F143-1) | Q144: =IF(OR(G144="",G143=""),"",G144/G143-1) -> -0.027027027 | R144: =IF(OR(H144="",H143=""),"",H144/H143-1) -> -0.0071633238 | S144: =IF(OR(I144="",I143=""),"",I144/I143-1) | T144: =IF(OR(J144="",J143=""),"",J144/J143-1) | U144: =IF(OR(K144="",K143=""),"",K144/K143-1) | V144: =IF(OR(L144="",L143=""),"",L144/L143-1) | W144: =IF(COUNT(O140:O144)<5,"",STDEV(O140:O144)) -> 0.0070549361 | X144: =IF(W144="","",IF(W144>Controls!$B$2,1,0)) -> 0
A145: 34899 | B145: 952.87 | C145: 3118.3 | D145: 550.98 | E145: 13.49 | G145: 0.34 | H145: 6.99 | M145: =IF(OR(B145="",B144=""),"",B145/B144-1) -> -0.036073766 | N145: =IF(OR(C145="",C144=""),"",C145/C144-1) -> -0.011629197 | O145: =IF(OR(D145="",D144=""),"",D145/D144-1) -> -0.013393976 | P145: =IF(OR(F145="",F144=""),"",F145/F144-1) | Q145: =IF(OR(G145="",G144=""),"",G145/G144-1) -> -0.055555556 | R145: =IF(OR(H145="",H144=""),"",H145/H144-1) -> 0.0086580087 | S145: =IF(OR(I145="",I144=""),"",I145/I144-1) | T145: =IF(OR(J145="",J144=""),"",J145/J144-1) | U145: =IF(OR(K145="",K144=""),"",K145/K144-1) | V145: =IF(OR(L145="",L144=""),"",L145/L144-1) | W145: =IF(COUNT(O141:O145)<5,"",STDEV(O141:O145)) -> 0.00713456 | X145: =IF(W145="","",IF(W145>Controls!$B$2,1,0)) -> 0
A146: 34900 | B146: 960.57 | C146: 3133.63 | D146: 553.54 | E146: 12.78 | G146: 0.35 | H146: 7.06 | M146: =IF(OR(B146="",B145=""),"",B146/B145-1) -> 0.0080808505 | N146: =IF(OR(C146="",C145=""),"",C146/C145-1) -> 0.0049161402 | O146: =IF(OR(D146="",D145=""),"",D146/D145-1) -> 0.0046462667 | P146: =IF(OR(F146="",F145=""),"",F146/F145-1) | Q146: =IF(OR(G146="",G145=""),"",G146/G145-1) -> 0.029411765 | R146: =IF(OR(H146="",H145=""),"",H146/H145-1) -> 0.010014306 | S146: =IF(OR(I146="",I145=""),"",I146/I145-1) | T146: =IF(OR(J146="",J145=""),"",J146/J145-1) | U146: =IF(OR(K146="",K145=""),"",K146/K145-1) | V146: =IF(OR(L146="",L145=""),"",L146/L145-1) | W146: =IF(COUNT(O142:O146)<5,"",STDEV(O142:O146)) -> 0.0079481077 | X146: =IF(W146="","",IF(W146>Controls!$B$2,1,0)) -> 0
... A177: 34943 | B177: 1019.47 | C177: 3206.27 | D177: 563.84 | E177: 11.29 | G177: 0.32 | H177: 6.81 | M177: =IF(OR(B177="",B176=""),"",B177/B176-1) -> -0.00062738332 | N177: =IF(OR(C177="",C176=""),"",C177/C176-1) -> 0.004071062 | O177: =IF(OR(D177="",D176=""),"",D177/D176-1) -> 0.0034882893 | P177: =IF(OR(F177="",F176=""),"",F177/F176-1) | Q177: =IF(OR(G177="",G176=""),"",G177/G176-1) -> 0 | R177: =IF(OR(H177="",H176=""),"",H177/H176-1) -> 0.01490313 | S177: =IF(OR(I177="",I176=""),"",I177/I176-1) | T177: =IF(OR(J177="",J176=""),"",J177/J176-1) | U177: =IF(OR(K177="",K176=""),"",K177/K176-1) | V177: =IF(OR(L177="",L176=""),"",L177/L176-1) | W177: =IF(COUNT(O173:O177)<5,"",STDEV(O173:O177)) -> 0.0019562608 | X177: =IF(W177="","",IF(W177>Controls!$B$2,1,0)) -> 0
A178: 34946 | M178: =IF(OR(B178="",B177=""),"",B178/B177-1) | N178: =IF(OR(C178="",C177=""),"",C178/C177-1) | O178: =IF(OR(D178="",D177=""),"",D178/D177-1) | P178: =IF(OR(F178="",F177=""),"",F178/F177-1) | Q178: =IF(OR(G178="",G177=""),"",G178/G177-1) | R178: =IF(OR(H178="",H177=""),"",H178/H177-1) | S178: =IF(OR(I178="",I177=""),"",I178/I177-1) | T178: =IF(OR(J178="",J177=""),"",J178/J177-1) | U178: =IF(OR(K178="",K177=""),"",K178/K177-1) | V178: =IF(OR(L178="",L177=""),"",L178/L177-1) | W178: =IF(COUNT(O174:O178)<5,"",STDEV(O174:O178)) | X178: =IF(W178="","",IF(W178>Controls!$B$2,1,0))
A179: 34947 | B179: 1039.3 | C179: 3229.96 | D179: 569.17 | E179: 11.65 | G179: 0.33 | H179: 6.87 | M179: =IF(OR(B179="",B178=""),"",B179/B178-1) | N179: =IF(OR(C179="",C178=""),"",C179/C178-1) | O179: =IF(OR(D179="",D178=""),"",D179/D178-1) | P179: =IF(OR(F179="",F178=""),"",F179/F178-1) | Q179: =IF(OR(G179="",G178=""),"",G179/G178-1) | R179: =IF(OR(H179="",H178=""),"",H179/H178-1) | S179: =IF(OR(I179="",I178=""),"",I179/I178-1) | T179: =IF(OR(J179="",J178=""),"",J179/J178-1) | U179: =IF(OR(K179="",K178=""),"",K179/K178-1) | V179: =IF(OR(L179="",L178=""),"",L179/L178-1) | W179: =IF(COUNT(O175:O179)<5,"",STDEV(O175:O179)) | X179: =IF(W179="","",IF(W179>Controls!$B$2,1,0))
A180: 34948 | B180: 1044.28 | C180: 3239.69 | D180: 570.17 | E180: 11.65 | G180: 0.33 | H180: 6.86 | M180: =IF(OR(B180="",B179=""),"",B180/B179-1) -> 0.0047916867 | N180: =IF(OR(C180="",C179=""),"",C180/C179-1) -> 0.0030124212 | O180: =IF(OR(D180="",D179=""),"",D180/D179-1) -> 0.0017569443 | P180: =IF(OR(F180="",F179=""),"",F180/F179-1) | Q180: =IF(OR(G180="",G179=""),"",G180/G179-1) -> 0 | R180: =IF(OR(H180="",H179=""),"",H180/H179-1) -> -0.0014556041 | S180: =IF(OR(I180="",I179=""),"",I180/I179-1) | T180: =IF(OR(J180="",J179=""),"",J180/J179-1) | U180: =IF(OR(K180="",K179=""),"",K180/K179-1) | V180: =IF(OR(L180="",L179=""),"",L180/L179-1) | W180: =IF(COUNT(O176:O180)<5,"",STDEV(O176:O180)) | X180: =IF(W180="","",IF(W180>Controls!$B$2,1,0))
A181: 34949 | B181: 1051.08 | C181: 3238.21 | D181: 570.29 | E181: 11.85 | G181: 0.33 | H181: 6.97 | M181: =IF(OR(B181="",B180=""),"",B181/B180-1) -> 0.0065116635 | N181: =IF(OR(C181="",C180=""),"",C181/C180-1) -> -0.00045683383 | O181: =IF(OR(D181="",D180=""),"",D181/D180-1) -> 0.00021046355 | P181: =IF(OR(F181="",F180=""),"",F181/F180-1) | Q181: =IF(OR(G181="",G180=""),"",G181/G180-1) -> 0 | R181: =IF(OR(H181="",H180=""),"",H181/H180-1) -> 0.016034985 | S181: =IF(OR(I181="",I180=""),"",I181/I180-1) | T181: =IF(OR(J181="",J180=""),"",J181/J180-1) | U181: =IF(OR(K181="",K180=""),"",K181/K180-1) | V181: =IF(OR(L181="",L180=""),"",L181/L180-1) | W181: =IF(COUNT(O177:O181)<5,"",STDEV(O177:O181)) | X181: =IF(W181="","",IF(W181>Controls!$B$2,1,0))
A182: 34950 | B182: 1060.03 | C182: 3250.26 | D182: 572.68 | E182: 11.16 | G182: 0.33 | H182: 6.96 | M182: =IF(OR(B182="",B181=""),"",B182/B181-1) -> 0.0085150512 | N182: =IF(OR(C182="",C181=""),"",C182/C181-1) -> 0.0037211916 | O182: =IF(OR(D182="",D181=""),"",D182/D181-1) -> 0.0041908503 | P182: =IF(OR(F182="",F181=""),"",F182/F181-1) | Q182: =IF(OR(G182="",G181=""),"",G182/G181-1) -> 0 | R182: =IF(OR(H182="",H181=""),"",H182/H181-1) -> -0.0014347202 | S182: =IF(OR(I182="",I181=""),"",I182/I181-1) | T182: =IF(OR(J182="",J181=""),"",J182/J181-1) | U182: =IF(OR(K182="",K181=""),"",K182/K181-1) | V182: =IF(OR(L182="",L181=""),"",L182/L181-1) | W182: =IF(COUNT(O178:O182)<5,"",STDEV(O178:O182)) | X182: =IF(W182="","",IF(W182>Controls!$B$2,1,0))
A183: 34953 | B183: 1066.56 | C183: 3255.55 | D183: 573.91 | E183: 11.51 | G183: 0.33 | H183: 6.98 | M183: =IF(OR(B183="",B182=""),"",B183/B182-1) -> 0.006160203 | N183: =IF(OR(C183="",C182=""),"",C183/C182-1) -> 0.0016275621 | O183: =IF(OR(D183="",D182=""),"",D183/D182-1) -> 0.0021477963 | P183: =IF(OR(F183="",F182=""),"",F183/F182-1) | Q183: =IF(OR(G183="",G182=""),"",G183/G182-1) -> 0 | R183: =IF(OR(H183="",H182=""),"",H183/H182-1) -> 0.0028735632 | S183: =IF(OR(I183="",I182=""),"",I183/I182-1) | T183: =IF(OR(J183="",J182=""),"",J183/J182-1) | U183: =IF(OR(K183="",K182=""),"",K183/K182-1) | V183: =IF(OR(L183="",L182=""),"",L183/L182-1) | W183: =IF(COUNT(O179:O183)<5,"",STDEV(O179:O183)) | X183: =IF(W183="","",IF(W183>Controls!$B$2,1,0))
A184: 34954 | B184: 1065 | C184: 3270.88 | D184: 576.51 | E184: 11.46 | G184: 0.32 | H184: 7.09 | M184: =IF(OR(B184="",B183=""),"",B184/B183-1) -> -0.0014626463 | N184: =IF(OR(C184="",C183=""),"",C184/C183-1) -> 0.0047088818 | O184: =IF(OR(D184="",D183=""),"",D184/D183-1) -> 0.0045303271 | P184: =IF(OR(F184="",F183=""),"",F184/F183-1) | Q184: =IF(OR(G184="",G183=""),"",G184/G183-1) -> -0.03030303 | R184: =IF(OR(H184="",H183=""),"",H184/H183-1) -> 0.015759312 | S184: =IF(OR(I184="",I183=""),"",I184/I183-1) | T184: =IF(OR(J184="",J183=""),"",J184/J183-1) | U184: =IF(OR(K184="",K183=""),"",K184/K183-1) | V184: =IF(OR(L184="",L183=""),"",L184/L183-1) | W184: =IF(COUNT(O180:O184)<5,"",STDEV(O180:O184)) -> 0.0017942079 | X184: =IF(W184="","",IF(W184>Controls!$B$2,1,0)) -> 0
A185: 34955 | B185: 1067.4 | C185: 3281.87 | D185: 578.77 | E185: 11.35 | G185: 0.32 | H185: 7.16 | M185: =IF(OR(B185="",B184=""),"",B185/B184-1) -> 0.0022535211 | N185: =IF(OR(C185="",C184=""),"",C185/C184-1) -> 0.0033599521 | O185: =IF(OR(D185="",D184=""),"",D185/D184-1) -> 0.0039201402 | P185: =IF(OR(F185="",F184=""),"",F185/F184-1) | Q185: =IF(OR(G185="",G184=""),"",G185/G184-1) -> 0 | R185: =IF(OR(H185="",H184=""),"",H185/H184-1) -> 0.0098730606 | S185: =IF(OR(I185="",I184=""),"",I185/I184-1) | T185: =IF(OR(J185="",J184=""),"",J185/J184-1) | U185: =IF(OR(K185="",K184=""),"",K185/K184-1) | V185: =IF(OR(L185="",L184=""),"",L185/L184-1) | W185: =IF(COUNT(O181:O185)<5,"",STDEV(O181:O185)) -> 0.0018106938 | X185: =IF(W185="","",IF(W185>Controls!$B$2,1,0)) -> 0
A186: 34956 | B186: 1066.96 | C186: 3306.93 | D186: 583.61 | E186: 11.1 | G186: 0.3 | H186: 7.21 | M186: =IF(OR(B186="",B185=""),"",B186/B185-1) -> -0.0004122166 | N186: =IF(OR(C186="",C185=""),"",C186/C185-1) -> 0.0076358905 | O186: =IF(OR(D186="",D185=""),"",D186/D185-1) -> 0.008362562 | P186: =IF(OR(F186="",F185=""),"",F186/F185-1) | Q186: =IF(OR(G186="",G185=""),"",G186/G185-1) -> -0.0625 | R186: =IF(OR(H186="",H185=""),"",H186/H185-1) -> 0.0069832402 | S186: =IF(OR(I186="",I185=""),"",I186/I185-1) | T186: =IF(OR(J186="",J185=""),"",J186/J185-1) | U186: =IF(OR(K186="",K185=""),"",K186/K185-1) | V186: =IF(OR(L186="",L185=""),"",L186/L185-1) | W186: =IF(COUNT(O182:O186)<5,"",STDEV(O182:O186)) -> 0.0022803531 | X186: =IF(W186="","",IF(W186>Controls!$B$2,1,0)) -> 0
A187: 34957 | B187: 1051.1 | C187: 3309.58 | D187: 583.35 | E187: 11.58 | G187: 0.27 | H187: 7.19 | M187: =IF(OR(B187="",B186=""),"",B187/B186-1) -> -0.014864662 | N187: =IF(OR(C187="",C186=""),"",C187/C186-1) -> 0.00080134747 | O187: =IF(OR(D187="",D186=""),"",D187/D186-1) -> -0.00044550299 | P187: =IF(OR(F187="",F186=""),"",F187/F186-1) | Q187: =IF(OR(G187="",G186=""),"",G187/G186-1) -> -0.1 | R187: =IF(OR(H187="",H186=""),"",H187/H186-1) -> -0.0027739251 | S187: =IF(OR(I187="",I186=""),"",I187/I186-1) | T187: =IF(OR(J187="",J186=""),"",J187/J186-1) | U187: =IF(OR(K187="",K186=""),"",K187/K186-1) | V187: =IF(OR(L187="",L186=""),"",L187/L186-1) | W187: =IF(COUNT(O183:O187)<5,"",STDEV(O183:O187)) -> 0.0032431417 | X187: =IF(W187="","",IF(W187>Controls!$B$2,1,0)) -> 0
A188: 34960 | B188: 1050.18 | C188: 3304.93 | D188: 582.77 | E188: 12.34 | G188: 0.27 | H188: 7.09 | M188: =IF(OR(B188="",B187=""),"",B188/B187-1) -> -0.00087527352 | N188: =IF(OR(C188="",C187=""),"",C188/C187-1) -> -0.0014050121 | O188: =IF(OR(D188="",D187=""),"",D188/D187-1) -> -0.00099425731 | P188: =IF(OR(F188="",F187=""),"",F188/F187-1) | Q188: =IF(OR(G188="",G187=""),"",G188/G187-1) -> 0 | R188: =IF(OR(H188="",H187=""),"",H188/H187-1) -> -0.013908206 | S188: =IF(OR(I188="",I187=""),"",I188/I187-1) | T188: =IF(OR(J188="",J187=""),"",J188/J187-1) | U188: =IF(OR(K188="",K187=""),"",K188/K187-1) | V188: =IF(OR(L188="",L187=""),"",L188/L187-1) | W188: =IF(COUNT(O184:O188)<5,"",STDEV(O184:O188)) -> 0.003864691 | X188: =IF(W188="","",IF(W188>Controls!$B$2,1,0)) -> 0
A189: 34961 | B189: 1060.32 | C189: 3310.74 | D189: 584.2 | E189: 12.67 | G189: 0.27 | H189: 7.15 | M189: =IF(OR(B189="",B188=""),"",B189/B188-1) -> 0.0096554876 | N189: =IF(OR(C189="",C188=""),"",C189/C188-1) -> 0.0017579797 | O189: =IF(OR(D189="",D188=""),"",D189/D188-1) -> 0.0024537982 | P189: =IF(OR(F189="",F188=""),"",F189/F188-1) | Q189: =IF(OR(G189="",G188=""),"",G189/G188-1) -> 0 | R189: =IF(OR(H189="",H188=""),"",H189/H188-1) -> 0.0084626234 | S189: =IF(OR(I189="",I188=""),"",I189/I188-1) | T189: =IF(OR(J189="",J188=""),"",J189/J188-1) | U189: =IF(OR(K189="",K188=""),"",K189/K188-1) | V189: =IF(OR(L189="",L188=""),"",L189/L188-1) | W189: =IF(COUNT(O185:O189)<5,"",STDEV(O185:O189)) -> 0.0037797959 | X189: =IF(W189="","",IF(W189>Controls!$B$2,1,0)) -> 0
A190: 34962 | B190: 1065.09 | C190: 3323.64 | D190: 586.77 | E190: 12.35 | G190: 0.27 | H190: 7.13 | M190: =IF(OR(B190="",B189=""),"",B190/B189-1) -> 0.0044986419 | N190: =IF(OR(C190="",C189=""),"",C190/C189-1) -> 0.0038964099 | O190: =IF(OR(D190="",D189=""),"",D190/D189-1) -> 0.0043991784 | P190: =IF(OR(F190="",F189=""),"",F190/F189-1) | Q190: =IF(OR(G190="",G189=""),"",G190/G189-1) -> 0 | R190: =IF(OR(H190="",H189=""),"",H190/H189-1) -> -0.0027972028 | S190: =IF(OR(I190="",I189=""),"",I190/I189-1) | T190: =IF(OR(J190="",J189=""),"",J190/J189-1) | U190: =IF(OR(K190="",K189=""),"",K190/K189-1) | V190: =IF(OR(L190="",L189=""),"",L190/L189-1) | W190: =IF(COUNT(O186:O190)<5,"",STDEV(O186:O190)) -> 0.0038255374 | X190: =IF(W190="","",IF(W190>Controls!$B$2,1,0)) -> 0
... A235: 35025 | B235: 1021.24 | C235: 3380.53 | D235: 598.4 | E235: 11.81 | G235: 0.29 | H235: 7.76 | M235: =IF(OR(B235="",B234=""),"",B235/B234-1) -> -0.0036585723 | N235: =IF(OR(C235="",C234=""),"",C235/C234-1) -> -0.0016243211 | O235: =IF(OR(D235="",D234=""),"",D235/D234-1) -> -0.0030654405 | P235: =IF(OR(F235="",F234=""),"",F235/F234-1) | Q235: =IF(OR(G235="",G234=""),"",G235/G234-1) -> 0 | R235: =IF(OR(H235="",H234=""),"",H235/H234-1) -> -0.012722646 | S235: =IF(OR(I235="",I234=""),"",I235/I234-1) | T235: =IF(OR(J235="",J234=""),"",J235/J234-1) | U235: =IF(OR(K235="",K234=""),"",K235/K234-1) | V235: =IF(OR(L235="",L234=""),"",L235/L234-1) | W235: =IF(COUNT(O231:O235)<5,"",STDEV(O231:O235)) -> 0.0053019907 | X235: =IF(W235="","",IF(W235>Controls!$B$2,1,0)) -> 0
A236: 35026 | M236: =IF(OR(B236="",B235=""),"",B236/B235-1) | N236: =IF(OR(C236="",C235=""),"",C236/C235-1) | O236: =IF(OR(D236="",D235=""),"",D236/D235-1) | P236: =IF(OR(F236="",F235=""),"",F236/F235-1) | Q236: =IF(OR(G236="",G235=""),"",G236/G235-1) | R236: =IF(OR(H236="",H235=""),"",H236/H235-1) | S236: =IF(OR(I236="",I235=""),"",I236/I235-1) | T236: =IF(OR(J236="",J235=""),"",J236/J235-1) | U236: =IF(OR(K236="",K235=""),"",K236/K235-1) | V236: =IF(OR(L236="",L235=""),"",L236/L235-1) | W236: =IF(COUNT(O232:O236)<5,"",STDEV(O232:O236)) | X236: =IF(W236="","",IF(W236>Controls!$B$2,1,0))
A237: 35027 | B237: 1030.17 | C237: 3387.82 | D237: 599.97 | E237: 11.87 | G237: 0.3 | H237: 7.75 | M237: =IF(OR(B237="",B236=""),"",B237/B236-1) | N237: =IF(OR(C237="",C236=""),"",C237/C236-1) | O237: =IF(OR(D237="",D236=""),"",D237/D236-1) | P237: =IF(OR(F237="",F236=""),"",F237/F236-1) | Q237: =IF(OR(G237="",G236=""),"",G237/G236-1) | R237: =IF(OR(H237="",H236=""),"",H237/H236-1) | S237: =IF(OR(I237="",I236=""),"",I237/I236-1) | T237: =IF(OR(J237="",J236=""),"",J237/J236-1) | U237: =IF(OR(K237="",K236=""),"",K237/K236-1) | V237: =IF(OR(L237="",L236=""),"",L237/L236-1) | W237: =IF(COUNT(O233:O237)<5,"",STDEV(O233:O237)) | X237: =IF(W237="","",IF(W237>Controls!$B$2,1,0))
A238: 35030 | B238: 1029.32 | C238: 3396.6 | D238: 601.32 | E238: 12.43 | G238: 0.3 | H238: 7.8 | M238: =IF(OR(B238="",B237=""),"",B238/B237-1) -> -0.00082510654 | N238: =IF(OR(C238="",C237=""),"",C238/C237-1) -> 0.0025916371 | O238: =IF(OR(D238="",D237=""),"",D238/D237-1) -> 0.0022501125 | P238: =IF(OR(F238="",F237=""),"",F238/F237-1) | Q238: =IF(OR(G238="",G237=""),"",G238/G237-1) -> 0 | R238: =IF(OR(H238="",H237=""),"",H238/H237-1) -> 0.0064516129 | S238: =IF(OR(I238="",I237=""),"",I238/I237-1) | T238: =IF(OR(J238="",J237=""),"",J238/J237-1) | U238: =IF(OR(K238="",K237=""),"",K238/K237-1) | V238: =IF(OR(L238="",L237=""),"",L238/L237-1) | W238: =IF(COUNT(O234:O238)<5,"",STDEV(O234:O238)) | X238: =IF(W238="","",IF(W238>Controls!$B$2,1,0))
A239: 35031 | B239: 1050.05 | C239: 3415.21 | D239: 606.45 | E239: 11.57 | G239: 0.3 | H239: 7.8 | M239: =IF(OR(B239="",B238=""),"",B239/B238-1) -> 0.02013951 | N239: =IF(OR(C239="",C238=""),"",C239/C238-1) -> 0.0054790084 | O239: =IF(OR(D239="",D238=""),"",D239/D238-1) -> 0.0085312313 | P239: =IF(OR(F239="",F238=""),"",F239/F238-1) | Q239: =IF(OR(G239="",G238=""),"",G239/G238-1) -> 0 | R239: =IF(OR(H239="",H238=""),"",H239/H238-1) -> 0 | S239: =IF(OR(I239="",I238=""),"",I239/I238-1) | T239: =IF(OR(J239="",J238=""),"",J239/J238-1) | U239: =IF(OR(K239="",K238=""),"",K239/K238-1) | V239: =IF(OR(L239="",L238=""),"",L239/L238-1) | W239: =IF(COUNT(O235:O239)<5,"",STDEV(O235:O239)) | X239: =IF(W239="","",IF(W239>Controls!$B$2,1,0))
A240: 35032 | B240: 1057.57 | C240: 3425.78 | D240: 607.64 | E240: 11.65 | G240: 0.29 | H240: 7.76 | M240: =IF(OR(B240="",B239=""),"",B240/B239-1) -> 0.0071615637 | N240: =IF(OR(C240="",C239=""),"",C240/C239-1) -> 0.0030949781 | O240: =IF(OR(D240="",D239=""),"",D240/D239-1) -> 0.0019622393 | P240: =IF(OR(F240="",F239=""),"",F240/F239-1) | Q240: =IF(OR(G240="",G239=""),"",G240/G239-1) -> -0.033333333 | R240: =IF(OR(H240="",H239=""),"",H240/H239-1) -> -0.0051282051 | S240: =IF(OR(I240="",I239=""),"",I240/I239-1) | T240: =IF(OR(J240="",J239=""),"",J240/J239-1) | U240: =IF(OR(K240="",K239=""),"",K240/K239-1) | V240: =IF(OR(L240="",L239=""),"",L240/L239-1) | W240: =IF(COUNT(O236:O240)<5,"",STDEV(O236:O240)) | X240: =IF(W240="","",IF(W240>Controls!$B$2,1,0))
A241: 35033 | B241: 1059.2 | C241: 3421.55 | D241: 605.37 | E241: 11.58 | G241: 0.29 | H241: 7.63 | M241: =IF(OR(B241="",B240=""),"",B241/B240-1) -> 0.0015412691 | N241: =IF(OR(C241="",C240=""),"",C241/C240-1) -> -0.0012347553 | O241: =IF(OR(D241="",D240=""),"",D241/D240-1) -> -0.0037357646 | P241: =IF(OR(F241="",F240=""),"",F241/F240-1) | Q241: =IF(OR(G241="",G240=""),"",G241/G240-1) -> 0 | R241: =IF(OR(H241="",H240=""),"",H241/H240-1) -> -0.016752577 | S241: =IF(OR(I241="",I240=""),"",I241/I240-1) | T241: =IF(OR(J241="",J240=""),"",J241/J240-1) | U241: =IF(OR(K241="",K240=""),"",K241/K240-1) | V241: =IF(OR(L241="",L240=""),"",L241/L240-1) | W241: =IF(COUNT(O237:O241)<5,"",STDEV(O237:O241)) | X241: =IF(W241="","",IF(W241>Controls!$B$2,1,0))
A242: 35034 | B242: 1055.31 | C242: 3430.44 | D242: 606.98 | E242: 11.11 | G242: 0.28 | H242: 7.67 | M242: =IF(OR(B242="",B241=""),"",B242/B241-1) -> -0.0036725831 | N242: =IF(OR(C242="",C241=""),"",C242/C241-1) -> 0.0025982376 | O242: =IF(OR(D242="",D241=""),"",D242/D241-1) -> 0.0026595305 | P242: =IF(OR(F242="",F241=""),"",F242/F241-1) | Q242: =IF(OR(G242="",G241=""),"",G242/G241-1) -> -0.034482759 | R242: =IF(OR(H242="",H241=""),"",H242/H241-1) -> 0.005242464 | S242: =IF(OR(I242="",I241=""),"",I242/I241-1) | T242: =IF(OR(J242="",J241=""),"",J242/J241-1) | U242: =IF(OR(K242="",K241=""),"",K242/K241-1) | V242: =IF(OR(L242="",L241=""),"",L242/L241-1) | W242: =IF(COUNT(O238:O242)<5,"",STDEV(O238:O242)) -> 0.004344506 | X242: =IF(W242="","",IF(W242>Controls!$B$2,1,0)) -> 0
A243: 35037 | B243: 1069.79 | C243: 3463.95 | D243: 613.68 | E243: 10.66 | G243: 0.3 | H243: 7.75 | M243: =IF(OR(B243="",B242=""),"",B243/B242-1) -> 0.013721087 | N243: =IF(OR(C243="",C242=""),"",C243/C242-1) -> 0.0097684262 | O243: =IF(OR(D243="",D242=""),"",D243/D242-1) -> 0.011038255 | P243: =IF(OR(F243="",F242=""),"",F243/F242-1) | Q243: =IF(OR(G243="",G242=""),"",G243/G242-1) -> 0.071428571 | R243: =IF(OR(H243="",H242=""),"",H243/H242-1) -> 0.010430248 | S243: =IF(OR(I243="",I242=""),"",I243/I242-1) | T243: =IF(OR(J243="",J242=""),"",J243/J242-1) | U243: =IF(OR(K243="",K242=""),"",K243/K242-1) | V243: =IF(OR(L243="",L242=""),"",L243/L242-1) | W243: =IF(COUNT(O239:O243)<5,"",STDEV(O239:O243)) -> 0.0058270699 | X243: =IF(W243="","",IF(W243>Controls!$B$2,1,0)) -> 0
A244: 35038 | B244: 1065.89 | C244: 3487.11 | D244: 617.68 | E244: 11.65 | G244: 0.3 | H244: 7.86 | M244: =IF(OR(B244="",B243=""),"",B244/B243-1) -> -0.0036455753 | N244: =IF(OR(C244="",C243=""),"",C244/C243-1) -> 0.0066860087 | O244: =IF(OR(D244="",D243=""),"",D244/D243-1) -> 0.006518055 | P244: =IF(OR(F244="",F243=""),"",F244/F243-1) | Q244: =IF(OR(G244="",G243=""),"",G244/G243-1) -> 0 | R244: =IF(OR(H244="",H243=""),"",H244/H243-1) -> 0.014193548 | S244: =IF(OR(I244="",I243=""),"",I244/I243-1) | T244: =IF(OR(J244="",J243=""),"",J244/J243-1) | U244: =IF(OR(K244="",K243=""),"",K244/K243-1) | V244: =IF(OR(L244="",L243=""),"",L244/L243-1) | W244: =IF(COUNT(O240:O244)<5,"",STDEV(O240:O244)) -> 0.0055041743 | X244: =IF(W244="","",IF(W244>Controls!$B$2,1,0)) -> 0
A245: 35039 | B245: 1061.73 | C245: 3498.11 | D245: 620.18 | E245: 12.7 | G245: 0.29 | H245: 7.94 | M245: =IF(OR(B245="",B244=""),"",B245/B244-1) -> -0.0039028418 | N245: =IF(OR(C245="",C244=""),"",C245/C244-1) -> 0.0031544746 | O245: =IF(OR(D245="",D244=""),"",D245/D244-1) -> 0.0040474032 | P245: =IF(OR(F245="",F244=""),"",F245/F244-1) | Q245: =IF(OR(G245="",G244=""),"",G245/G244-1) -> -0.033333333 | R245: =IF(OR(H245="",H244=""),"",H245/H244-1) -> 0.010178117 | S245: =IF(OR(I245="",I244=""),"",I245/I244-1) | T245: =IF(OR(J245="",J244=""),"",J245/J244-1) | U245: =IF(OR(K245="",K244=""),"",K245/K244-1) | V245: =IF(OR(L245="",L244=""),"",L245/L244-1) | W245: =IF(COUNT(O241:O245)<5,"",STDEV(O241:O245)) -> 0.0054190208 | X245: =IF(W245="","",IF(W245>Controls!$B$2,1,0)) -> 0
...

Sheet Controls
A1: Parameter | B1: Value | C1: Description
A2: Risk Threshold | B2: 0.02 | C2: Risk = 1 when 5-day S&P500 volatility exceeds this threshold
A3: Volatility Window (days) | B3: 5 | C3: Used in the rolling standard deviation formula for sp500_volatility_5d
